NPDES Permit Number,FRS ID,Facility Name,City,County,State,HUC 12 Code,Watershed Name,SIC Code,Facility Latitude,Facility Longitude,Pollutant Name,Substance Registry System ID,CAS Number,Average Daily Flow (MGD),Major/Non-Major Status,Contains Potential Outliers?,Total Pounds (lb/yr),Total TWPE (lb-eq/yr),Link to DFR
AL0001449,1.1E+11,TYSON FOODS INC BLOUNTSVILLE PROCESSING PLANT,BLOUNTSVILLE,BLOUNT,AL,31601110202,Graves Creek,2015,34.0549,-86.5795,"Solids, total suspended",,,0.477604167,Major,,880806.7068,0,https://echo.epa.gov/detailed-facility-report?fid=AL0001449&sys=ICP
AL0002119,1.1E+11,KOCH FOODS - GADSDEN,GADSDEN,ETOWAH,AL,31501060309,H. Neely Henry Lake-Coosa River,2077,33.973172,-85.974467,Inorganic Nitrogen,,7727379,0.440208333,Non-Major,,338628.3951,0,https://echo.epa.gov/detailed-facility-report?fid=AL0002119&sys=ICP
AL0002241,1.10055E+11,JCG FOODS OF ALABAMA,COLLINSVILLE,DEKALB,AL,31501060102,Upper Big Wills Creek,2015,34.294488,-85.881696,Phosphorus,153049,7723140,0.359277778,Non-Major,,133217.4956,0,https://echo.epa.gov/detailed-facility-report?fid=AL0002241&sys=ICP
AL0002810,1.1001E+11,TYSON FOODS INC. HEFLIN PROCESSING PLANT,HEFLIN,CLEBURNE,AL,31501081004,Carr Creek-Cedar Creek,2015,33.557778,-85.608889,Chemical oxygen demand (COD),,,0.0147,Non-Major,,1829.351647,0,https://echo.epa.gov/detailed-facility-report?fid=AL0002810&sys=ICP
AL0003697,1.10059E+11,PILGRIM PRIDE CORPORATION,ENTERPRISE,COFFEE,AL,31402011102,Blanket Creek-Double Bridges Creek,2015,31.253539,-85.958298,"Solids, total suspended",,,57.85436111,Major,,490133168.1,0,https://echo.epa.gov/detailed-facility-report?fid=AL0003697&sys=ICP
AL0026832,1.10001E+11,GOLDEN ROD BROILERS,CULLMAN,CULLMAN,AL,31601090106,Broglen River,2015,34.154167,-86.771944,Inorganic Nitrogen,,7727379,0.437916667,Major,,181197.2245,0,https://echo.epa.gov/detailed-facility-report?fid=AL0026832&sys=ICP
AL0028860,1.10007E+11,WAYNE FARMS LLC-ENTERPRISE PROCESSING,JACK,COFFEE,AL,31402020506,Cardwell Creek,2015,31.500857,-85.903705,"Solids, total suspended",,,0.630912698,Non-Major,,1273586.13,0,https://echo.epa.gov/detailed-facility-report?fid=AL0028860&sys=ICP
AL0040843,1.10001E+11,AMERICAN PROTEINS INCORPORATED HANCEVILLE DIVISION,HANCEVILLE,CULLMAN,AL,31601090203,Murphy Creek-Mill Creek,2077,33.956949,-86.809218,"Solids, total suspended",,,0.225835,Major,,283695.7002,0,https://echo.epa.gov/detailed-facility-report?fid=AL0040843&sys=ICP
AL0060470,1.10001E+11,PILGRIM'S PRIDE PROCESSING PLANT,RUSSELLVILLE,FRANKLIN,AL,60300060201,Cedar Creek-Harris Creek,2015,34.460846,-87.671819,"BOD, 5-day, 20 deg. C",,,0.904333333,Non-Major,,229479.0389,0,https://echo.epa.gov/detailed-facility-report?fid=AL0060470&sys=ICP
AL0069418,1.10006E+11,BHAM HIDE AND TALLOW LOXLEY DV,LOXLEY,BALDWIN,AL,31602050201,Upper Fish River,2077,30.638914,-87.792033,Chemical oxygen demand (COD),,,0.233083333,Non-Major,,93365.01169,0,https://echo.epa.gov/detailed-facility-report?fid=AL0069418&sys=ICP
AL0071285,1.10043E+11,EQUITY GROUP EUFAULA DIVISION LLC,BAKERHILL,BARBOUR,AL,31402010101,Headwaters East Fork Choctawatchee River,2015,31.8046,-85.3196,"Solids, total suspended",,,0.66468,Non-Major,,1876279.474,0,https://echo.epa.gov/detailed-facility-report?fid=AL0071285&sys=ICP
AL0079642,1.10002E+11,ALABAMA FARMERS COOPERATIVE INC,DECATUR,MORGAN,AL,60300021102,Bakers Creek-Tennessee River,2048,34.611944,-86.971111,Chemical oxygen demand (COD),,,0.5300625,Non-Major,,1489626.371,0,https://echo.epa.gov/detailed-facility-report?fid=AL0079642&sys=ICP
AL0081825,1.10055E+11,JASPER PLANT,JASPER,WALKER,AL,31601090601,Town Creek-Cane Creek,2015,33.81803,-87.27852,"Solids, total suspended",,,0.0888125,Non-Major,,684478.4421,0,https://echo.epa.gov/detailed-facility-report?fid=AL0081825&sys=ICP
AL0081841,1.10001E+11,PECO FOODS INC,TUSCALOOSA,TUSCALOOSA,AL,31601130203,Cribbs Mill Creek-Cypress Creek,2015,33.177222,-87.561944,"Solids, total suspended",,,0.75,Non-Major,,517555.847,0,https://echo.epa.gov/detailed-facility-report?fid=AL0081841&sys=ICP
AL0082244,1.10057E+11,TYSON FOODS INC,ALBERTVILLE,MARSHALL,AL,60300010805,Drum Creek-Short Creek,2015,34.272444,-86.195222,"Solids, total suspended",,,0.112533333,Non-Major,,145600.5271,0,https://echo.epa.gov/detailed-facility-report?fid=AL0082244&sys=ICP
AL0082309,1.10023E+11,KOCH FOODS OF ALABAMA,MONTGOMERY,MONTGOMERY,AL,31502010310,Caney Branch,2015,32.33095,-86.35445,"BOD, 5-day, 20 deg. C",,,1.95,Non-Major,,608391.2255,0,https://echo.epa.gov/detailed-facility-report?fid=AL0082309&sys=ICP
AL0082333,1.10059E+11,UNION SPRINGS PLANT,UNION SPRINGS,BULLOCK,AL,31403010101,Little Conecuh River,2015,32.134942,-85.723825,"Solids, total suspended",,,14.761302,Non-Major,Y,5027996.841,0,https://echo.epa.gov/detailed-facility-report?fid=AL0082333&sys=ICP
AL0082341,1.10001E+11,WAYNE FARMS LLC - ALBERTVILLE FRESH PLANT,ALBERTVILLE,MARSHALL,AL,60300010805,Drum Creek-Short Creek,2015,34.262033,-86.204063,"Solids, total suspended",,,0.087125,Non-Major,,24863.84592,0,https://echo.epa.gov/detailed-facility-report?fid=AL0082341&sys=ICP
AL0082384,1.1006E+11,GUNTERSVILLE PROCESSING PLANT,GUNTERSVILLE,MARSHALL,AL,60300010903,Big Spring Creek,2015,34.345763,-86.279666,"Solids, total suspended",,,0.01705,Non-Major,,5903.339822,0,https://echo.epa.gov/detailed-facility-report?fid=AL0082384&sys=ICP
AL0082449,1.1006E+11,ASHLAND FACILITY,ASHLAND,CLAY,AL,31501090102,Horsetrough Creek-Crooked Creek,2015,33.284163,-85.819036,"Solids, total suspended",,,0.024194667,Non-Major,,17655.73823,0,https://echo.epa.gov/detailed-facility-report?fid=AL0082449&sys=ICP
AL0082619,1.10001E+11,WAYNE FARMS LLC - DECATUR FRESH PROCESSING,DECATUR,MORGAN,AL,60300021102,Bakers Creek-Tennessee River,2015,34.60835,-87.04387,"Solids, total suspended",,,0.08075,Non-Major,,101879.708,0,https://echo.epa.gov/detailed-facility-report?fid=AL0082619&sys=ICP
AL0082627,1.10062E+11,DOTHAN FRESH PROCESSING PLANT,DOTHAN,HOUSTON,AL,31300040602,Upper Omusee Creek,2015,31.22546,-85.36033,"Solids, total suspended",,,0.298875,Non-Major,,133465.4929,0,https://echo.epa.gov/detailed-facility-report?fid=AL0082627&sys=ICP
AR0003018,1.10002E+11,TYSON FOODS - GRANNIS PROCESSING PLANT,GRANNIS,POLK,AR,1.11401E+11,Rolling Fork,2015,34.240417,-94.334833,Nitrogen,153122,7727379,0.706016667,Non-Major,,40704.17,0,https://echo.epa.gov/detailed-facility-report?fid=AR0003018&sys=ICP
AR0021326,1.10001E+11,TYSON FOODS - HOPE PROCESSING PLANT,HOPE,HEMPSTEAD,AR,1.11402E+11,Caney Creek-Bois d'Arc Creek,2015,33.74063,-93.61436,Nitrogen,153122,7727379,1.159416667,Non-Major,,233707.68,0,https://echo.epa.gov/detailed-facility-report?fid=AR0021326&sys=ICP
AR0036714,1.10059E+11,TYSON FOODS - DARDANELLE PLANT,DARDANELLE,YELL,AR,1.11102E+11,Long Lake-Harris Creek,2015,35.2176,-93.1611,Nitrogen,153122,7727379,0.9201275,Non-Major,,89233.7,0,https://echo.epa.gov/detailed-facility-report?fid=AR0036714&sys=ICP
AR0038482,1.10033E+11,TYSON FOODS - WALDRON PROCESSING,WALDRON,SCOTT,AR,1.11101E+11,Bull Creek-Poteau River,2015,34.904085,-94.102357,"Solids, total dissolved",,,1.016833333,Non-Major,,2007873.33,0,https://echo.epa.gov/detailed-facility-report?fid=AR0038482&sys=ICP
AR0038768,1.10025E+11,WAYNE FARMS LLC - DANVILLE AR COMPLEX,DANVILLE,YELL,AR,1.11102E+11,Prairie Creek-Petit Jean River,2015,35.064083,-93.365917,Nitrogen,153122,7727379,0.8975,Non-Major,,90621.6,0,https://echo.epa.gov/detailed-facility-report?fid=AR0038768&sys=ICP
AR0039268,1.10064E+11,"TYSON POULTRY, INC - CLARKSVILLE",CLARKSVILLE,JOHNSON,AR,1.11102E+11,Lower Spadra Creek,2015,35.4429,-93.48801,Nitrogen,153122,7727379,1.493466083,Non-Major,,420409.22,0,https://echo.epa.gov/detailed-facility-report?fid=AR0039268&sys=ICP
AR0041734,1.10021E+11,TYSON FOODS INC.-NASHVILLE,NASHVILLE,HOWARD,AR,1.11401E+11,Upper Mine Creek,2015,33.926083,-93.845472,"Solids, total dissolved",,,0.515125,Non-Major,,3440755.067,0,https://echo.epa.gov/detailed-facility-report?fid=AR0041734&sys=ICP
AR0042455,1.10007E+11,TYSON FOODS - RIVER VALLEY ANIMAL FOODS,SCRANTON,LOGAN,AR,1.11102E+11,Cane Creek-Arkansas River,2077,35.374056,-93.5695,Nitrogen,153122,7727379,0.527723917,Non-Major,,86830.36,0,https://echo.epa.gov/detailed-facility-report?fid=AR0042455&sys=ICP
AR0044938,1.10064E+11,OK FOODS INC,FORT SMITH,SEBASTIAN,AR,1.11101E+11,City of Fort Smith-Arkansas River,2015,35.42388,-94.3851,Nitrogen,153122,7727379,2.164083333,Non-Major,,222751,0,https://echo.epa.gov/detailed-facility-report?fid=AR0044938&sys=ICP
AR0048267,1.10025E+11,"BUTTERBALL, LLC",OZARK,FRANKLIN,AR,1.11102E+11,Gar Creek-Arkansas River,2015,35.485194,-93.819694,Nitrogen,153122,7727379,1.073333333,Non-Major,,51545.5,0,https://echo.epa.gov/detailed-facility-report?fid=AR0048267&sys=ICP
AR0048356,1.10025E+11,TYSON FOODS - RIVER VALLEY ANIMAL FOODS,TEXARKANA,MILLER,AR,1.11402E+11,Bois d'Arc Bayou,2077,33.532806,-93.812694,"Solids, total dissolved",,,0.296666667,Non-Major,,1216675.7,0,https://echo.epa.gov/detailed-facility-report?fid=AR0048356&sys=ICP
AR0049212,1.10014E+11,"BUTTERBALL, LLC - ALIX FEED MILL",ALIX,FRANKLIN,AR,1.11102E+11,Sixmile Creek-Arkansas River,2048,35.42228,-93.730774,"Solids, total suspended",,,51.91712275,Non-Major,Y,0.16231916,0,https://echo.epa.gov/detailed-facility-report?fid=AR0049212&sys=ICP
AR0052451,1.10067E+11,"PECO FOODS, INC.",POCAHONTAS,RANDOLPH COUNTY,AR,1.101E+11,Mill Creek-Black River,2015,36.212278,-90.949528,"Solids, total dissolved",,,1.618333333,Non-Major,,6054789.4,0,https://echo.epa.gov/detailed-facility-report?fid=AR0052451&sys=ICP
CO0027707,1.10002E+11,SWIFT BEEF - LONE TREE,GREELEY,WELD,CO,1.019E+11,Owl Creek-South Platte River,2011,40.425,-104.591667,Sodium,149856,7440235,0.751388889,Major,,3178527.935,17.4507416,https://echo.epa.gov/detailed-facility-report?fid=CO0027707&sys=ICP
CO0044270,1.1E+11,FORT MORGAN BEEF PLANT,FORT MORGAN,MORGAN,CO,1.019E+11,City of Fort Morgan-South Platte River,2011,40.2469,-103.7756,Inorganic Nitrogen,153122,7727379,2.055833333,Non-Major,,186396.3032,0,https://echo.epa.gov/detailed-facility-report?fid=CO0044270&sys=ICP
DE0000299,1.10057E+11,"ALLEN FAMILY FOODS, INC. HARBESON PLANT",HARBESON,SUSSEX,DE,20402070603,Beaverdam Creek-Broadkill River,2015,38.72072,-75.28476,Nitrogen,153122,7727379,0.545277778,Major,,88081.5,0,https://echo.epa.gov/detailed-facility-report?fid=DE0000299&sys=ICP
DE0000469,1.10064E+11,"PERDUE FOODS, LLC",GEORGETOWN,SUSSEX COUNTY,DE,20402070601,Round Pole Branch-Broadkill River,2015,38.702389,-75.383139,Nitrogen,153122,7727379,1.24825,Major,,89671.3,0,https://echo.epa.gov/detailed-facility-report?fid=DE0000469&sys=ICP
FL0001465,1.10027E+11,PILGRIM'S PRIDE PROCESSING PLANT,LIVE OAK,SUWANNEE,FL,31102050101,Dempsey Lake,2015,30.3705,-83.1589,Nitrogen,153122,7727379,1.254166667,Major,,58212.88947,0,https://echo.epa.gov/detailed-facility-report?fid=FL0001465&sys=ICP
GA0000817,1.10001E+11,TYSON FOODS INCORPORATED BUENA VISTA GEORGIA,BUENA VISTA,MARION,GA,31300070701,Walker Williams Lakes-Muckalee Creek,2015,32.309861,-84.504722,Ammonia as N,152389,7664417,0,Non-Major,,0,0,https://echo.epa.gov/detailed-facility-report?fid=GA0000817&sys=ICP
GA0001074,1.1E+11,TYSON FOODS INC,CUMMING,FORSYTH,GA,31300011001,Headwaters Big Creek,2015,34.205276,-84.142502,Nitrogen,153122,7727379,1.156166667,Non-Major,,70320.93629,0,https://echo.epa.gov/detailed-facility-report?fid=GA0001074&sys=ICP
GA0001317,1.10001E+11,KOCH FOODS WASTEWATER TREATMENT PLANT,PINE MOUNTAIN VALLEY,HARRIS,GA,31300021203,Dowdell Creek,2015,32.798039,-84.813689,Inorganic Nitrogen,,7727379,0.255388889,Non-Major,,155753.158,0,https://echo.epa.gov/detailed-facility-report?fid=GA0001317&sys=ICP
GA0002844,1.10002E+11,"PERDUE FOODS, LLC (PERRY, GEORGIA)",PERRY,HOUSTON,GA,30701040204,Middle Big Indian Creek,2015,32.4426,-83.6287,Nitrogen,153122,7727379,2.6375,Non-Major,,170514.9828,0,https://echo.epa.gov/detailed-facility-report?fid=GA0002844&sys=ICP
GA0038296,1.10001E+11,PILGRIM'S PRIDE FEED MILL,AMBROSE,COFFEE,GA,30702010202,Bear Creek,2048,31.573917,-82.982556,"Solids, total suspended",,,0.001291667,Non-Major,,66.78709638,0,https://echo.epa.gov/detailed-facility-report?fid=GA0038296&sys=ICP
GA0039098,1.10038E+11,COLUMBIA FARMS OF GEORGIA,COMER,MADISON,GA,30601040406,Lower Fork Broad River,2048,34.055333,-83.096511,Phosphorus,153049,7723140,0.005765039,Non-Major,,25.38646474,0,https://echo.epa.gov/detailed-facility-report?fid=GA0039098&sys=ICP
GA0039390,1.10001E+11,WAYNE FARMS LLC - PENDERGRASS FRESH PLANT,PENDERGRASS,JACKSON,GA,30701010103,Allen Creek,2015,34.17601,-83.67147,Nitrogen,153122,7727379,0.3875,Non-Major,,25632.39211,0,https://echo.epa.gov/detailed-facility-report?fid=GA0039390&sys=ICP
GA0050282,1.10071E+11,PILGRIM'S PRIDE CORPORATION (RANGER FEED MILL),RANGER,GORDON COUNTY,GA,31501020604,Marlow Branch-Salacoa Creek,2048,34.48078,-84.706515,Phosphorus,153049,7723140,0,Non-Major,,0,0,https://echo.epa.gov/detailed-facility-report?fid=GA0050282&sys=ICP
IA0000795,1.1E+11,IOWA QUALITY BEEF,TAMA,TAMA,IA,70802080703,Plague Creek-Iowa River,2011,41.95732,-92.54996,Sulfate,197301,14808798,,Non-Major,,665114.901,3.724643446,https://echo.epa.gov/detailed-facility-report?fid=IA0000795&sys=ICP
IA0000833,1.1E+11,"CONAGRA PACKAGED FOODS, LLC - FORT MADISON, IA",FORT MADISON,LEE,IA,70801041802,Jack Creek-Mississippi River,2013,40.57683,-91.43729,"Solids, total suspended",,,,Non-Major,,43816.64702,0,https://echo.epa.gov/detailed-facility-report?fid=IA0000833&sys=ICP
IA0002089,1.10016E+11,TYSON FRESH MEATS INC,PERRY,DALLAS,IA,71000061503,Frog Creek-North Raccoon River,2011,41.841944,-94.126111,Nitrogen,153122,7727379,,Major,,78627.55356,0,https://echo.epa.gov/detailed-facility-report?fid=IA0002089&sys=ICP
IA0052031,1.1006E+11,"LIME SPRINGS BEEF, LLC (NOW UPPER IOWA BEEF, LLC)",LIME SPRINGS,HOWARD,IA,70600020107,Town of Granger-Upper Iowa River,2011,43.4484,-92.29648,Phosphorus,153049,7723140,,Non-Major,,0,0,https://echo.epa.gov/detailed-facility-report?fid=IA0052031&sys=ICP
IA0052462,1.10044E+11,STATELINE COOPERATIVE - HALFA FACILITY,ARMSTRONG,EMMET,IA,71000030501,Headwaters Black Cat Creek,2048,43.34753,-94.5419,Sulfate,197301,14808798,,Non-Major,,103964.8244,0.582203017,https://echo.epa.gov/detailed-facility-report?fid=IA0052462&sys=ICP
IA0060569,1.1E+11,CARGILL MEAT SOLUTIONS CORP,OTTUMWA,WAPELLO,IA,71000090709,Kettle Creek-Des Moines River,2011,41.00331,-92.39382,Nitrogen,153122,7727379,,Major,,189375.0089,0,https://echo.epa.gov/detailed-facility-report?fid=IA0060569&sys=ICP
IA0064998,1.10001E+11,TYSON FRESH MEATS INC,STORM LAKE,BUENA VISTA,IA,71000060307,Outlet Creek,2011,42.64,-95.1875,Total Kjeldahl Nitrogen,153122,7727379,,Major,,0,0,https://echo.epa.gov/detailed-facility-report?fid=IA0064998&sys=ICP
IA0065111,1.10011E+11,"OAKLAND FOODS A DIVISION OF OSI INDUSTRIES, LLC",OAKLAND,POTTAWATTAMIE,IA,1.024E+11,Slocum Creek-West Nishnabotna River,2013,41.330556,-95.386667,Chloride,205955,16887006,,Non-Major,,1511491.423,36.8015303,https://echo.epa.gov/detailed-facility-report?fid=IA0065111&sys=ICP
IA0073555,1.10028E+11,DIAMOND V MILLS INC - NORTH PLANT,CEDAR RAPIDS,LINN,IA,70802051507,Silver Creek-Cedar River,2048,41.980649,-91.680271,Total Residual Chlorine,154328,7782505,,Non-Major,,27.51443,13.757215,https://echo.epa.gov/detailed-facility-report?fid=IA0073555&sys=ICP
IA0075647,1.1001E+11,MICHAEL FOODS-EPC,LENOX,TAYLOR,IA,1.024E+11,Todd Branch-Platte River,2015,40.89677,-94.55228,Nitrogen,153122,7727379,,Non-Major,,9662.867455,0,https://echo.epa.gov/detailed-facility-report?fid=IA0075647&sys=ICP
IA0082279,1.10037E+11,ADM CLINTON BIOPROCESSING,CLINTON,CLINTON,IA,70801010202,Mill Creek,2048,41.8283,-90.1952,Total Residual Chlorine,154328,7782505,,Non-Major,,58.694884,29.347442,https://echo.epa.gov/detailed-facility-report?fid=IA0082279&sys=ICP
ID0000787,1.1E+11,XL FOUR STAR BEEF,NAMPA,CANYON,ID,1.70501E+11,Lower Indian Creek,2011,43.559908,-116.528195,Ammonia as N,152389,7664417,0,Major,,0,0,https://echo.epa.gov/detailed-facility-report?fid=ID0000787&sys=ICP
IL0003638,1.10001E+11,ROCHELLE FOODS L.L.C.,ROCHELLE,OGLE,IL,70900050302,Town of Rochelle-Kyte River,2013,41.909999,-89.049795,Chloride,205955,16887006,0,Non-Major,,0,0,https://echo.epa.gov/detailed-facility-report?fid=IL0003638&sys=ICP
IL0003913,1.10018E+11,TYSON FRESH MEATS INC - JOSLIN IL,HILLSDALE,ROCK ISLAND,IL,70900051103,Zuma Creek,2011,41.551434,-90.225723,Chloride,205955,16887006,2.457809167,Major,,6114691.9,148.879455,https://echo.epa.gov/detailed-facility-report?fid=IL0003913&sys=ICP
IL0023914,1.1E+11,JBS/SWIFT PORK CO,BEARDSTOWN,CASS,IL,71300080805,Lost Creek,2011,39.99379,-90.404577,Inorganic Nitrogen,,7727379,0.650333333,Non-Major,,426362.9069,0,https://echo.epa.gov/detailed-facility-report?fid=IL0023914&sys=ICP
IL0033511,1.10001E+11,MILLSTADT RENDERING CO,BELLEVILLE,ST. CLAIR,IL,71401010501,Upper Prairie du Pont Creek,2077,38.516293,-90.089744,Ammonia as N,152389,7664417,0,Non-Major,,0,0,https://echo.epa.gov/detailed-facility-report?fid=IL0033511&sys=ICP
IL0036463,1.10009E+11,PCS PHOSPHATE CO INC,MARSEILLES,LA SALLE,IL,71200050802,South Kickapoo Creek-Illinois River,2048,41.320228,-88.657469,Phosphorus,153049,7723140,0.001579833,Non-Major,Y,146.7728886,0,https://echo.epa.gov/detailed-facility-report?fid=IL0036463&sys=ICP
IL0049832,1.10064E+11,DEKALB COUNTY PACKING COMPANY,DEKALB,DEKALB,IL,70900060503,Union Ditch No. 3,2011,41.922868,-88.714692,Phosphorus,153049,7723140,0.005583333,Non-Major,,157.2589264,0,https://echo.epa.gov/detailed-facility-report?fid=IL0049832&sys=ICP
IL0071862,1.10007E+11,SPECTRUM PREFERRED MEATS INC,MOUNT MORRIS,OGLE,IL,70900050503,Town of Stratford-Pine Creek,2011,41.98876,-89.45706,Chloride,205955,16887006,0.033956583,Non-Major,,22367.32218,0.54459567,https://echo.epa.gov/detailed-facility-report?fid=IL0071862&sys=ICP
IN0000876,1.10023E+11,"MAPLE LEAF FARMS, INDIANA DIVISION",MILFORD,KOSCIUSKO,IN,40500011703,Wabee Lake-Hammond Ditch,2015,41.366194,-85.806167,Oil and grease,,,0,Non-Major,,0,0,https://echo.epa.gov/detailed-facility-report?fid=IN0000876&sys=ICP
IN0003808,1.1E+11,FARBEST FOODS INC.,HUNTINGBURG,DUBOIS,IN,51202090405,Ell Creek,2011,38.31025,-86.983806,"Solids, total suspended",,,0.569194167,Non-Major,,12556.86154,0,https://echo.epa.gov/detailed-facility-report?fid=IN0003808&sys=ICP
IN0037711,1.10007E+11,FERDINAND PROCESSING INC,FERDINAND,DUBOIS,IN,51402010404,Blackhawk Creek-Anderson River,2011,38.21925,-86.850306,"Solids, total suspended",,,0.002208333,Non-Major,,71.441118,0,https://echo.epa.gov/detailed-facility-report?fid=IN0037711&sys=ICP
IN0041742,1.1005E+11,TRI EAGLE PROVISIONS LLC,TIPPECANOE,FULTON COUNTY,IN,51201060404,Little Yellow Creek-Yellow Creek,2011,41.171944,-86.115833,"Solids, total suspended",,,0.047525,Non-Major,,1005.4,0,https://echo.epa.gov/detailed-facility-report?fid=IN0041742&sys=ICP
IN0059471,1.10001E+11,INDIANA PACKERS CORP,DELPHI,CARROLL,IN,51201050508,Robinson Branch-Deer Creek,2011,40.563889,-86.651917,"BOD, carbonaceous, 05 day, 20 C",,,0.026941667,Non-Major,,1171.376613,0,https://echo.epa.gov/detailed-facility-report?fid=IN0059471&sys=ICP
ING080325,1.10055E+11,GRIFFIN INDUSTRIES LLC,NEWBERRY,GREENE,IN,51202020503,Rocky Branch-First Creek,2077,38.911056,-87.016611,Benzene,4754,71432,0,Non-Major,,0,0,https://echo.epa.gov/detailed-facility-report?fid=ING080325&sys=ICP
INRM00302,1.1E+11,ADM ANIMAL NUTRITION INC,BLUFFTON,WELLS COUNTY,IN,51201010802,Dowty Ditch-Wabash River,2048,40.73141,-85.19836,Chemical oxygen demand (COD),,,,Non-Major,,0,0,https://echo.epa.gov/detailed-facility-report?fid=INRM00302&sys=ICP
INRM00373,1.1007E+11,ARMOUR ECKRICH MEATS LLC,PERU,MIAMI,IN,51201011602,Prairie Ditch-Wabash River,2013,40.717717,-86.025984,Oil and grease,,,,Non-Major,,0,0,https://echo.epa.gov/detailed-facility-report?fid=INRM00373&sys=ICP
INRM00515,1.1E+11,FARBEST FOODS INC.,HUNTINGBURG,DUBOIS,IN,51202090405,Ell Creek,2015,38.31025,-86.983806,Total Kjeldahl Nitrogen,153122,7727379,,Non-Major,,0,0,https://echo.epa.gov/detailed-facility-report?fid=INRM00515&sys=ICP
INRM01588,1.10056E+11,"FARBEST FOODS, INC.",VINCENNES,KNOX,IN,51201130202,Swan Pond Ditch,2015,38.628674,-87.523482,Inorganic Nitrogen,,7727379,,Non-Major,,0,0,https://echo.epa.gov/detailed-facility-report?fid=INRM01588&sys=ICP
INRM02477,1.10059E+11,BUNGE MILLING LLC,WORTHINGTON,GREENE,IN,51202030811,Lemon Creek-Eel River,2048,39.131111,-86.962222,Total Kjeldahl Nitrogen,153122,7727379,,Non-Major,,0,0,https://echo.epa.gov/detailed-facility-report?fid=INRM02477&sys=ICP
INRM02625,1.10071E+11,UNITED ANIMAL HEALTH INCORPORATED,SHERIDAN,HAMILTON,IN,51202010601,Prairie Creek,2048,40.147722,-86.237083,Inorganic Nitrogen,,7727379,,Non-Major,,0,0,https://echo.epa.gov/detailed-facility-report?fid=INRM02625&sys=ICP
KS0000817,1.1E+11,IOWA BEEF PROCESSORS INCORPORATED,EMPORIA,LYON,KS,1.10702E+11,Dry Creek-Cottonwood River,2011,38.402778,-96.211113,"Solids, total suspended",,,0.0995,Non-Major,,9591.948234,0,https://echo.epa.gov/detailed-facility-report?fid=KS0000817&sys=ICP
KS0003271,1.10064E+11,BANNER CREEK LLC ENVIRONMENTAL COORDINATOR,HOLTON,JACKSON,KS,1.02701E+11,Banner Creek,2011,39.46299,-95.72644,Chloride,205955,16887006,0.068866667,Non-Major,,48239.45902,1.174525959,https://echo.epa.gov/detailed-facility-report?fid=KS0003271&sys=ICP
KS0092029,1.10012E+11,CARGILL MEAT SOLUTIONS CORP,DODGE CITY,FORD,KS,1.103E+11,City of Dodge City-Arkansas River,2011,37.736389,-99.955833,"Solids, total dissolved",,,0.404633333,Major,,2373514.659,0,https://echo.epa.gov/detailed-facility-report?fid=KS0092029&sys=ICP
KS0094706,1.10013E+11,"CREEKSTONE FARMS PREMIUM BEEF, LLC",ARKANSAS CITY,COWLEY,KS,1.103E+11,Lake Louise-Walnut River,2011,37.10406,-97.048056,Chloride,205955,16887006,0.849525,Non-Major,,350914.4005,8.544002795,https://echo.epa.gov/detailed-facility-report?fid=KS0094706&sys=ICP
KY0001309,1.10003E+11,F B PURNELL SAUSAGE CO,SIMPSONVILLE,SHELBY,KY,51401020406,Lower Bullskin Creek,2013,38.223056,-85.35,"BOD, 5-day, 20 deg. C",,,0.057805556,Non-Major,,32216.209,0,https://echo.epa.gov/detailed-facility-report?fid=KY0001309&sys=ICP
KY0074292,1.10003E+11,ALLTECH INC.,NICHOLASVILLE,JESSAMINE,KY,51002050603,Lower East Hickman Creek-Hickman Creek,2048,37.9328,-84.5547,"Solids, total suspended",,,0,Non-Major,,0,0,https://echo.epa.gov/detailed-facility-report?fid=KY0074292&sys=ICP
KY0093874,1.10001E+11,PILGRIMS PRIDE CORP MAYFIELD KY FACILITY,HICKORY,GRAVES,KY,80102010105,Gilbert Creek-Mayfield Creek,2015,36.830304,-88.653122,"Solids, total suspended",,,0.640726667,Non-Major,,2783820.768,0,https://echo.epa.gov/detailed-facility-report?fid=KY0093874&sys=ICP
KY0093939,1.10001E+11,SMITHFIELD FARMLAND CORP-GRAYSON DIVISION,GRAYSON,CARTER,KY,50901040501,Everman Creek-Little Sandy River,2013,38.348056,-82.938889,Chloride,205955,16887006,0.112541667,Non-Major,,468195.2757,11.39953715,https://echo.epa.gov/detailed-facility-report?fid=KY0093939&sys=ICP
KY0100102,1.10001E+11,PERDUE CROMWELL PROCESSING PLANT,BEAVER DAM,OHIO,KY,51100030303,Indian Camp Creek,2015,37.348028,-86.793333,Nitrogen,153122,7727379,0.646333333,Non-Major,,280535.6382,0,https://echo.epa.gov/detailed-facility-report?fid=KY0100102&sys=ICP
KY0102385,1.1E+11,PERDUE FARMS LIVERMORE FEEDMIL,LIVERMORE,MCLEAN,KY,51100050202,Hanley Creek-Green River,2048,37.479167,-87.138889,"Solids, total suspended",,,0.005279,Non-Major,,364.2205887,0,https://echo.epa.gov/detailed-facility-report?fid=KY0102385&sys=ICP
KY0107280,1.10001E+11,GRIFFIN INDUSTRIES INC,RUSSELLVILLE,LOGAN,KY,51100030204,Headwaters Mud River,2048,36.907787,-86.885157,"Solids, total suspended",,,0.473333333,Non-Major,,149838.8983,0,https://echo.epa.gov/detailed-facility-report?fid=KY0107280&sys=ICP
KY0109118,1.10043E+11,ALLTECH INC,WINCHESTER,CLARK,KY,51001020101,Hancock Creek-Strodes Creek,2048,38.01344,-84.17774,Iron,149559,7439896,0,Non-Major,,0,0,https://echo.epa.gov/detailed-facility-report?fid=KY0109118&sys=ICP
KY0111023,1.10023E+11,GRIFFIN INDUSTRIES INCORPORATED,BUTLER,PENDLETON,KY,51001011204,South Fork Grassy Creek,2077,38.731961,-84.407214,"Solids, total suspended",,,0.036438636,Non-Major,,13920.63902,0,https://echo.epa.gov/detailed-facility-report?fid=KY0111023&sys=ICP
KYND00001,1.1007E+11,"EQUITY GROUP - KENTUCKY DIVISION, LLC",CLINTON COUNTY,CLINTON,KY,51301030603,Indian Creek,2015,36.760028,-85.178611,"Solids, total suspended",,,0.35153,Non-Major,,241631.2206,0,https://echo.epa.gov/detailed-facility-report?fid=KYND00001&sys=ICP
LA0002844,1.10018E+11,HOUSE OF RAEFORD,ARCADIA,BIENVILLE,LA,1.11402E+11,Williams Creek-Black Lake Creek,2015,32.557946,-92.946562,"Solids, total dissolved",,,0.845333333,Major,,3388249.305,0,https://echo.epa.gov/detailed-facility-report?fid=LA0002844&sys=ICP
LA0003221,1.10001E+11,DAYBROOK FISHERIES INC.,EMPIRE,PLAQUEMINES,LA,80903010604,Buras Drainage Canal,2077,29.382163,-89.592282,"BOD, 5-day, 20 deg. C",,,1.495277778,Non-Major,,1876040.571,0,https://echo.epa.gov/detailed-facility-report?fid=LA0003221&sys=ICP
LA0004774,1.1E+11,OMEGA PROTEIN ABBEVILLE PLANT,ABBEVILLE,VERMILION,LA,80801030205,Vermilion River-Frontal Intercoastal Waterway,2077,29.8211,-92.1334,"Solids, total suspended",,,0.101539542,Non-Major,,37114.83286,0,https://echo.epa.gov/detailed-facility-report?fid=LA0004774&sys=ICP
LA0007102,1.10008E+11,SANDERSON FARMS,HAMMOND,TANGIPAHOA,LA,80702030304,Yellow Water River,2015,30.506944,-90.5075,Nitrogen,153122,7727379,0.377208333,Non-Major,,170160.9503,0,https://echo.epa.gov/detailed-facility-report?fid=LA0007102&sys=ICP
LA0051969,1.10001E+11,DARLING INGREDIENTS INC,HOLDEN,LIVINGSTON,LA,80702030205,Flat Creek-Tickfaw River,2077,30.525781,-90.660103,"Solids, total dissolved",,,0.012586667,Non-Major,,41994.13991,0,https://echo.epa.gov/detailed-facility-report?fid=LA0051969&sys=ICP
LA0054178,1.1E+11,PILGRIMS PRIDE CORP NATCHITOCHES PROCESSING PLANT,NATCHITOCHES,NATCHITOCHES,LA,1.11402E+11,Bayou Boulet De Canon-Old River,2015,31.726665,-93.104508,Cadmium,150029,7440439,0.306063889,Major,,469406.08,10702458.62,https://echo.epa.gov/detailed-facility-report?fid=LA0054178&sys=ICP
LA0071790,1.10001E+11,HOUSE OF RAEFORD FARMS OF LOUISIANA LLC - POULTRY FEED MILL,CHOUDRANT,LINCOLN,LA,80402060802,Headwaters Bayou Choudrant,2048,32.526687,-92.513623,"Solids, total suspended",,,0,Non-Major,,0,0,https://echo.epa.gov/detailed-facility-report?fid=LA0071790&sys=ICP
LA0095184,1.1001E+11,SAVOIE'S SAUSAGE KITCHEN,PORT BARRE,ST. LANDRY,LA,80801020604,Bayou Carron-Bayou Little Teche,2015,30.5346,-92.00005,Nitrogen,153122,7727379,0.003333333,Non-Major,,278.7745929,0,https://echo.epa.gov/detailed-facility-report?fid=LA0095184&sys=ICP
LA0100811,1.10001E+11,FOSTER FARMS  FARMERVILLE PLANT,FARMERVILLE,UNION,LA,80402020602,Meridian Creek-Bayou De Loutre,2015,32.836248,-92.37931,Nitrogen,153122,7727379,1.592416667,Non-Major,,54465.18014,0,https://echo.epa.gov/detailed-facility-report?fid=LA0100811&sys=ICP
LA0102105,1.10007E+11,JOLLY'S CALCASIEU PACKING CO.,LAKE CHARLES,CALCASIEU,LA,80802030706,English Bayou,2011,30.23748,-93.06809,"BOD, 5-day, 20 deg. C",,,0,Non-Major,,0,0,https://echo.epa.gov/detailed-facility-report?fid=LA0102105&sys=ICP
LA0106135,1.10008E+11,PURINA ANIMAL NUTRITION LLC - ARCOLA MILL,ROSELAND,TANGIPAHOA,LA,80702050204,Spring Creek-Tangipahoa River,2048,30.782162,-90.510376,Total Organic Carbon,150037,7440440,0.0005175,Non-Major,,10.08411411,0,https://echo.epa.gov/detailed-facility-report?fid=LA0106135&sys=ICP
LA0106143,1.10009E+11,"DOUBLE D MEAT, INC.",BOGALUSA,WASHINGTON,LA,31800040702,Pearl River Canal-Pearl River,2013,30.69348,-89.87344,"Solids, total suspended",,,0.016615133,Non-Major,,1705.43,0,https://echo.epa.gov/detailed-facility-report?fid=LA0106143&sys=ICP
LA0106208,1.10011E+11,ADAKA HOLDINGS LLC,HAMMOND,TANGIPAHOA,LA,80702030305,Ponchatoula Creek,2011,30.4521,-90.472,"Solids, total suspended",,,0.001054667,Non-Major,,157.815,0,https://echo.epa.gov/detailed-facility-report?fid=LA0106208&sys=ICP
LA0123200,1.10036E+11,"PATTON'S SAUSAGE CO., INC.",BOGALUSA,WASHINGTON,LA,31800040702,Pearl River Canal-Pearl River,2013,30.694354,-89.872582,"Solids, total suspended",,,0.006477958,Non-Major,,121.49,0,https://echo.epa.gov/detailed-facility-report?fid=LA0123200&sys=ICP
LA0123323,1.10033E+11,PLAISANCE MEAT MARKET,LOCKPORT,LAFOURCHE,LA,80903020504,Bayou L'Eau Bleu,2011,29.58316,-90.44348,Nitrogen,153122,7727379,0,Non-Major,,0,0,https://echo.epa.gov/detailed-facility-report?fid=LA0123323&sys=ICP
LA0125385,1.10065E+11,MAGIC SEASONING BLENDS INC.,PALMETTO,BOSSIER,LA,80801010111,Bayou Ha Ha,2013,30.716111,-91.882222,"Solids, total suspended",,,0.000375,Non-Major,,15.66196285,0,https://echo.epa.gov/detailed-facility-report?fid=LA0125385&sys=ICP
LA0125644,1.10044E+11,"HEBERT'S MEAT MARKET & SLAUGHTER HOUSE, LLC",ABBEVILLE,VERMILION,LA,80801030202,Youngs South Coulee-Vermilion River,2011,29.991944,-92.101111,"Solids, total suspended",,,271.2502554,Non-Major,,70.28,0,https://echo.epa.gov/detailed-facility-report?fid=LA0125644&sys=ICP
LA0125954,1.10045E+11,FARM FRESH FOOD SUPPLIERS INC.,AMITE,TANGIPAHOA,LA,80702030301,Natalbany Creek-Natalbany River,2013,30.7232,-90.54995,"Solids, total suspended",,,0.000102444,Non-Major,,661.3333333,0,https://echo.epa.gov/detailed-facility-report?fid=LA0125954&sys=ICP
MD0003247,1.1E+11,VALLEY PROTEINS INC-LINKWOOD FACILITY,LINKWOOD,DORCHESTER,MD,20801100101,Middletown Branch-Transquaking River,2077,38.555934,-75.935505,"BOD, 5-day, 20 deg. C",,,0.1945,Non-Major,,6569.3,0,https://echo.epa.gov/detailed-facility-report?fid=MD0003247&sys=ICP
MD0050245,1.1001E+11,SHUFF'S MEAT MARKET,THURMONT,FREDERICK,MD,20700090505,Hunting Creek,2011,39.56912,-77.43507,"Solids, total suspended",,,0.0007265,Non-Major,,0,0,https://echo.epa.gov/detailed-facility-report?fid=MD0050245&sys=ICP
MD0067857,1.1E+11,ALLEN HARIM FOODS LLC CORDOVA,CORDOVA,TALBOT,MD,20600050105,Jadwins Creek-Tuckahoe Creek,2015,38.87902,-75.99285,"Solids, total suspended",,,0.004708333,Non-Major,,561.3268853,0,https://echo.epa.gov/detailed-facility-report?fid=MD0067857&sys=ICP
MI0003042,1.10001E+11,"CONAGRA BRANDS, INC. - QUINCY, MI",QUINCY,HILLSDALE,MI,40500010109,South Branch Hog Creek,2013,41.967669,-84.825933,"Solids, total dissolved",,,0.459666667,Non-Major,,6456478.57,0,https://echo.epa.gov/detailed-facility-report?fid=MI0003042&sys=ICP
MI0037451,1.1E+11,HILLSHIRE BRANDS - ZEELAND,ZEELAND,OTTAWA,MI,40500020302,Headwaters Pigeon River,2013,42.918611,-86.028611,"Solids, total dissolved",,,0.963333333,Major,,5348607.052,0,https://echo.epa.gov/detailed-facility-report?fid=MI0037451&sys=ICP
MI0050628,1.1E+11,JBS PLAINWELL INC,PLAINWELL,ALLEGAN,MI,40500030607,Silver Creek-Kalamazoo River,2011,42.421,-85.64995,"Solids, total dissolved",,,1.003,Non-Major,,12303717,0,https://echo.epa.gov/detailed-facility-report?fid=MI0050628&sys=ICP
MI0054771,1.10002E+11,DARLING INGREDIENTS INC.,HAMILTON,ALLEGAN,MI,40500030911,Peach Orchid Creek-Kalamazoo River,2077,42.652145,-86.124052,"Solids, total suspended",,,0.696333333,Non-Major,,2593.2,0,https://echo.epa.gov/detailed-facility-report?fid=MI0054771&sys=ICP
MO0002500,1.1E+11,"TYSON CHICKEN INC NOEL, MO.",NOEL,MCDONALD,MO,1.10702E+11,Yarnell Branch-Elk River,2015,36.550124,-94.487992,"Solids, total suspended",,,0.851,Non-Major,,2934582.022,0,https://echo.epa.gov/detailed-facility-report?fid=MO0002500&sys=ICP
MO0036773,1.10018E+11,SIMMONS FOODS INC SOUTHWEST CITY,SOUTH WEST CITY,MCDONALD,MO,1.10702E+11,Middle Honey Creek,2015,36.54243,-94.59802,"Solids, total dissolved",,,0.863482917,Major,,6651592.192,0,https://echo.epa.gov/detailed-facility-report?fid=MO0036773&sys=ICP
MO0053627,1.1E+11,PCS PHOSPHATE JOPLIN,JOPLIN,JASPER,MO,1.10702E+11,Short Creek-Spring River,2048,37.09446,-94.616493,Zinc,150235,7440666,0,Non-Major,,0,0,https://echo.epa.gov/detailed-facility-report?fid=MO0053627&sys=ICP
MO0082767,1.1E+11,"BUTTERBALL, LLC",CARTHAGE,JASPER,MO,1.10702E+11,City of Carthage-Spring River,2015,37.184389,-94.31025,Oil and grease,,,0,Non-Major,,0,0,https://echo.epa.gov/detailed-facility-report?fid=MO0082767&sys=ICP
MO0090182,1.1001E+11,J AND H BACKES POULTRY CO.,LOOSE CREEK,OSAGE,MO,1.03001E+11,Headwaters Loose Creek,2015,38.510722,-91.951972,Chloride,205955,16887006,0,Non-Major,,0,0,https://echo.epa.gov/detailed-facility-report?fid=MO0090182&sys=ICP
MO0101729,1.10018E+11,"BIOKYOWA, INC.",CAPE GIRARDEAU,CAPE GIRARDEAU,MO,80202040102,Old Channel Hubble Creek,2048,37.239722,-89.600278,Total Kjeldahl Nitrogen,153122,7727379,2.147204545,Major,,8971127.379,0,https://echo.epa.gov/detailed-facility-report?fid=MO0101729&sys=ICP
MO0104337,1.10001E+11,KRAFT HEINZ COLUMBIA,COLUMBIA,BOONE,MO,1.03001E+11,Middle Hinkson Creek,2013,39.008281,-92.265645,"Solids, total suspended",,,0.000748554,Non-Major,,193.2162478,0,https://echo.epa.gov/detailed-facility-report?fid=MO0104337&sys=ICP
MO0108618,1.10007E+11,"GEORGE'S, INC. CASSVILLE",CASSVILLE,BARRY,MO,1.10702E+11,Headwaters Shoal Creek,2015,36.745563,-93.933935,"Solids, total suspended",,,0.058333417,Non-Major,Y,48701.27156,0,https://echo.epa.gov/detailed-facility-report?fid=MO0108618&sys=ICP
MO0111511,1.10018E+11,LAND O'LAKES PURINA FEED LLC-ST JOSEPH,SAINT JOSEPH,BUCHANAN,MO,1.024E+11,Candy Creek-Platte River,2048,39.726667,-94.792222,Chemical oxygen demand (COD),,,0.003833333,Non-Major,,144.4178862,0,https://echo.epa.gov/detailed-facility-report?fid=MO0111511&sys=ICP
MO0112500,1.1001E+11,ISONOVA TECHNOLOGIES LLC,VERONA,LAWRENCE,MO,1.10702E+11,Hillhouse Branch-Spring River,2015,37.015833,-93.787167,"Solids, total suspended",,,0.123558122,Non-Major,,26544.83872,0,https://echo.epa.gov/detailed-facility-report?fid=MO0112500&sys=ICP
MO0113204,1.10007E+11,MISSOURI PRIME BEEF PACKERS,PLEASANT HOPE,POLK,MO,1.02901E+11,Little Wilson Creek-Pomme de Terre River,2011,37.477406,-93.270243,Total Kjeldahl Nitrogen,153122,7727379,,Non-Major,,0,0,https://echo.epa.gov/detailed-facility-report?fid=MO0113204&sys=ICP
MO0115061,1.10029E+11,"TYSON POULTRY, INC. SEDALIA, MO, PROCESSING PLANT",SEDALIA,PETTIS,MO,1.03001E+11,Coon Creek-Muddy Creek,2015,38.75087,-93.326088,Chloride,205955,16887006,0.38275,Non-Major,,1897733.913,46.20569528,https://echo.epa.gov/detailed-facility-report?fid=MO0115061&sys=ICP
MO0115487,1.10011E+11,FARMLAND FOODS INC,MILAN,SULLIVAN,MO,1.02801E+11,Headwaters East Locust Creek,2011,40.219509,-93.120502,Chloride,205955,16887006,0.6513,Major,,530013.5514,12.90467777,https://echo.epa.gov/detailed-facility-report?fid=MO0115487&sys=ICP
MO0115517,1.10018E+11,CARGILL TURKEY PRODUCTION LLC,CALIFORNIA                                                  ,MONITEAU                           ,MO,1.03001E+11,East Brush Creek,2015,38.629761,-92.553093,"Solids, total suspended",,,0.00915,Non-Major,,1146.740945,0,https://echo.epa.gov/detailed-facility-report?fid=MO0115517&sys=ICP
MO0118079,1.1E+11,PREMIUM STANDARD FARMS-COFFEY FEEDMILL,COFFEY,DAVIESS,MO,1.02801E+11,Cypress Creek,2048,40.106572,-94.064496,Freeboard,,,0.01,Non-Major,,7254.56025,0,https://echo.epa.gov/detailed-facility-report?fid=MO0118079&sys=ICP
MO0121878,1.10017E+11,"BURGERS' OZARK COUNTRY CURED HAMS, INC.",CALIFORNIA,MONITEAU,MO,1.03001E+11,Upper North Moreau River,2013,38.58712,-92.565506,Sodium,149856,7440235,,Non-Major,,0,0,https://echo.epa.gov/detailed-facility-report?fid=MO0121878&sys=ICP
MO0128155,1.1E+11,PCS PHOSPHATE JOPLIN,JOPLIN,JASPER,MO,1.10702E+11,Short Creek-Spring River,2048,37.09446,-94.616493,Phosphorus,153049,7723140,0,Non-Major,,0,0,https://echo.epa.gov/detailed-facility-report?fid=MO0128155&sys=ICP
MO0129798,1.10001E+11,TYSON FOODS INC,DEXTER,STODDARD,MO,80202040502,Main Ditch,2015,36.793497,-89.942804,"Solids, total suspended",,,0.0286,Non-Major,,12205.8836,0,https://echo.epa.gov/detailed-facility-report?fid=MO0129798&sys=ICP
MO0130184,1.10001E+11,TYSON POULTRY,MONETT,BARRY,MO,1.10702E+11,Headwaters Clear Creek,2015,36.91772,-93.91375,"Solids, total suspended",,,0.054764917,Non-Major,,558095.9745,0,https://echo.epa.gov/detailed-facility-report?fid=MO0130184&sys=ICP
MO0135356,1.10023E+11,TRIUMPH FOODS LLC,SAINT JOSEPH,BUCHANAN,MO,1.024E+11,Walnut Creek-Missouri River,2011,39.721054,-94.871455,"BOD, 5-day, 20 deg. C",,,1.18925,Non-Major,,36632.92718,0,https://echo.epa.gov/detailed-facility-report?fid=MO0135356&sys=ICP
MO0136760,1.10045E+11,"KEMIN INDUSTRIES, INC.",VERONA,LAWRENCE,MO,1.10702E+11,Headwaters Spring River,2015,36.909489,-93.780246,Chemical oxygen demand (COD),,,0.033,Non-Major,,10194.1371,0,https://echo.epa.gov/detailed-facility-report?fid=MO0136760&sys=ICP
MO0137766,1.10064E+11,NF PROTEIN NEVADA PLANT,NEVADA,VERNON,MO,1.02901E+11,Marmaton River,2048,37.865235,-94.343296,"Solids, total suspended",,,0.067565,Non-Major,,16665.38808,0,https://echo.epa.gov/detailed-facility-report?fid=MO0137766&sys=ICP
MO0138461,1.10018E+11,"TROUW NUTRITION USA, LLC PREMIX PLANT",NEOSHO                                                      ,NEWTON                             ,MO,1.10702E+11,Upper Buffalo Creek,2048,36.832333,-94.389528,"Solids, total suspended",,,0.1325,Non-Major,,89927.67571,0,https://echo.epa.gov/detailed-facility-report?fid=MO0138461&sys=ICP
MS0002089,1.10058E+11,"SANDERSON FARMS, INC.",COLLINS,COVINGTON,MS,31700040704,Blakely Creek-Okatoma Creek,2015,31.649389,-89.566194,Nitrogen,153122,7727379,1.2695,Non-Major,,284064.2235,0,https://echo.epa.gov/detailed-facility-report?fid=MS0002089&sys=ICP
MS0002615,1.10008E+11,"PECO FOODS, INC.",SEBASTOPOL,SCOTT,MS,31800010903,Lower Sipsey Creek,2015,32.57468,-89.32257,Nitrogen,153122,7727379,0.94725,Non-Major,,39647,0,https://echo.epa.gov/detailed-facility-report?fid=MS0002615&sys=ICP
MS0002950,1.1E+11,OMEGA PROTEIN INC MOSS POINT,MOSS POINT,JACKSON,MS,31700080705,Beardslee Lake-Escatawpa River,2077,30.423787,-88.515065,"BOD, 5-day, 20 deg. C",,,3.915833333,Major,,361174.52,0,https://echo.epa.gov/detailed-facility-report?fid=MS0002950&sys=ICP
MS0026140,1.10002E+11,"TYSON FOODS INC, CARTHAGE PROCESSING PLANT",CARTHAGE,LEAKE,MS,31800010707,Cobbs Creek,2015,32.823278,-89.534944,Nitrogen,153122,7727379,2.044416667,Non-Major,,472704.37,0,https://echo.epa.gov/detailed-facility-report?fid=MS0026140&sys=ICP
MS0030601,1.10002E+11,RAYS QUALITY MEATS,PETAL,FORREST,MS,31700040905,Greens Creek-Leaf River,2011,31.348639,-89.275528,Ammonia as N,152389,7664417,0,Non-Major,,0,0,https://echo.epa.gov/detailed-facility-report?fid=MS0030601&sys=ICP
MS0037150,1.10002E+11,FORTENBERRYS SLAUGHTERHOUSE,CARRIERE,PEARL RIVER,MS,31800040702,Pearl River Canal-Pearl River,2011,30.701778,-89.770917,Ammonia as N,152389,7664417,0,Non-Major,,0,0,https://echo.epa.gov/detailed-facility-report?fid=MS0037150&sys=ICP
MS0037176,1.10002E+11,AL CASCIO CUSTOM CUTTING AND WRAPPING,HATTIESBURG,FORREST,MS,31700040608,Tick Creek-Bouie Creek,2011,31.44,-89.42982,Total Residual Chlorine,154328,7782505,0,Non-Major,,0,0,https://echo.epa.gov/detailed-facility-report?fid=MS0037176&sys=ICP
MS0037184,1.1001E+11,FORTENBERRYS MEAT PLANT,SANDY HOOK,MARION,MS,31800040503,Crains Creek-Pushepatapa Creek,2011,31.018853,-89.914909,Total Residual Chlorine,154328,7782505,0,Non-Major,,0,0,https://echo.epa.gov/detailed-facility-report?fid=MS0037184&sys=ICP
MS0037192,1.10002E+11,MCCAIN MEAT PROCESSING LLC,SANDY HOOK,MARION,MS,31800040403,Sandy Hook-Hurricane Creek,2011,31.090018,-89.873293,Ammonia as N,152389,7664417,0,Non-Major,,0,0,https://echo.epa.gov/detailed-facility-report?fid=MS0037192&sys=ICP
MS0037214,1.10002E+11,SUITOR MEAT COMPANY INC,RIENZI,ALCORN,MS,80102070304,Hinkle Creek-Tuscumbia River Canal,2011,34.797083,-88.572472,Ammonia as N,152389,7664417,0,Non-Major,,0,0,https://echo.epa.gov/detailed-facility-report?fid=MS0037214&sys=ICP
MS0037257,1.10064E+11,DIAMOND FARMS INC,MABEN,OKTIBBEHA,MS,80602010103,Pigeon Roost Creek,2011,33.523364,-89.08842,Total Residual Chlorine,154328,7782505,0,Non-Major,,0,0,https://echo.epa.gov/detailed-facility-report?fid=MS0037257&sys=ICP
MS0037320,1.10002E+11,COUNTRY MEAT MARKET,BROOKHAVEN,LINCOLN,MS,80602050101,Shaws Creek-McCall Creek,2011,31.615833,-90.512222,Oil and grease,,,0,Non-Major,,0,0,https://echo.epa.gov/detailed-facility-report?fid=MS0037320&sys=ICP
MS0037338,1.10002E+11,WILSONS MEATHOUSE INC,CRYSTAL SPRINGS,COPIAH,MS,80602030208,Hurricane Creek-Turkey Creek,2011,31.963333,-90.375833,Total Residual Chlorine,154328,7782505,0,Non-Major,,0,0,https://echo.epa.gov/detailed-facility-report?fid=MS0037338&sys=ICP
MS0037346,1.10011E+11,STEVE MCMINN DBA SMOKEHOUSE MEATS,PONTOTOC,PONTOTOC,MS,31601020301,Donaldson Creek-Chiwapa Creek,2011,34.220556,-88.991944,Ammonia as N,152389,7664417,0,Non-Major,,0,0,https://echo.epa.gov/detailed-facility-report?fid=MS0037346&sys=ICP
MS0037371,1.10002E+11,TOM KING & SON PACKING COMPANY,SUMMIT,PIKE,MS,80702050103,Little Tangipahoa River,2011,31.268667,-90.509694,Ammonia as N,152389,7664417,0,Non-Major,,0,0,https://echo.epa.gov/detailed-facility-report?fid=MS0037371&sys=ICP
MS0037397,1.10002E+11,FAMILY MEAT PROCESSING,SUMRALL,LAMAR,MS,31700070101,Monroe Creek-Black Creek,2011,31.30611,-89.54044,Ammonia as N,152389,7664417,0,Non-Major,,0,0,https://echo.epa.gov/detailed-facility-report?fid=MS0037397&sys=ICP
MS0038091,1.10002E+11,HOUSTON PROCESSING PLANT,LAUREL,JONES,MS,31700050207,Big Reedy Creek,2011,31.751951,-89.139534,Ammonia as N,152389,7664417,0,Non-Major,,0,0,https://echo.epa.gov/detailed-facility-report?fid=MS0038091&sys=ICP
MS0038580,1.10017E+11,"MSU, POULTRY SCIENCE RESEARCH CENTER",OKTIBBEHA COUNTY,OKTIBBEHA,MS,31601040603,Red Bud Creek-Catalpa Creek,2015,33.436194,-88.799833,"BOD, carbonaceous, 05 day, 20 C",,,0,Non-Major,,0,0,https://echo.epa.gov/detailed-facility-report?fid=MS0038580&sys=ICP
MS0039888,1.10002E+11,"PROTEIN PRODUCTS, INC.",SUNFLOWER,SUNFLOWER,MS,80302070800,,2048,33.491028,-90.513694,Nitrogen,153122,7727379,0.027666667,Non-Major,,2584.8,0,https://echo.epa.gov/detailed-facility-report?fid=MS0039888&sys=ICP
MS0044725,1.10056E+11,"SANDERSON FARMS, INC.",HAZLEHURST,COPIAH,MS,31800030201,Little Copiah Creek-Copiah Creek,2015,31.875583,-90.379056,Nitrogen,153122,7727379,0.7355,Non-Major,,173965,0,https://echo.epa.gov/detailed-facility-report?fid=MS0044725&sys=ICP
MS0045021,1.10001E+11,SANDERSON FARMS INC,SUMMIT,PIKE,MS,31800050301,Lazy Creek-Bogue Chitto,2015,31.275,-90.374722,Nitrogen,153122,7727379,0.9305,Non-Major,,217241,0,https://echo.epa.gov/detailed-facility-report?fid=MS0045021&sys=ICP
MS0046302,1.1E+11,SOUTHERN HENS INC,MOSELLE,JONES,MS,31700040904,Thomas Creek-Leaf River,2015,31.524558,-89.307233,Inorganic Nitrogen,,7727379,1.15175,Non-Major,,182536,0,https://echo.epa.gov/detailed-facility-report?fid=MS0046302&sys=ICP
MS0046931,1.10002E+11,"TYSON FARMS, INC., DBA RIVER                   VALLEY INGREDIENTS",FOREST,SCOTT,MS,31800011001,Shockaloo Creek,2048,32.362972,-89.539806,Nitrogen,153122,7727379,0.43275,Major,,113922.8,0,https://echo.epa.gov/detailed-facility-report?fid=MS0046931&sys=ICP
MS0052264,1.10009E+11,"KOCH FOODS INC, BROOKSVILLE FACILITY",BROOKSVILLE,NOXUBEE,MS,31601080503,Horse Hunters Creek,2015,33.242222,-88.550556,"BOD, 5-day, 20 deg. C",,,0,Non-Major,,0,0,https://echo.epa.gov/detailed-facility-report?fid=MS0052264&sys=ICP
MS0052442,1.10002E+11,KASED BROTHERS HALLAL MEAT INC,SUMMIT,PIKE,MS,80702050101,Haymans Creek-Tangipahoa River,2011,31.281389,-90.586667,"BOD, 5-day, 20 deg. C",,,0,Non-Major,,0,0,https://echo.epa.gov/detailed-facility-report?fid=MS0052442&sys=ICP
MS0060071,1.10022E+11,NATCHEZ DEER PROCESSING FACILITY,NATCHEZ,ADAMS,MS,80601000403,Kittering Creek-Saint Catherine Creek,2011,31.52952,-91.34258,Ammonia as N,152389,7664417,0,Non-Major,,0,0,https://echo.epa.gov/detailed-facility-report?fid=MS0060071&sys=ICP
NC0006548,1.1E+11,WAYNE FARMS - DOBSON POULTRY,DOBSON,SURRY,NC,30401010704,Middle Fisher River,2015,36.390989,-80.711483,Nitrogen,153122,7727379,0.599691667,Non-Major,,59735.33334,0,https://echo.epa.gov/detailed-facility-report?fid=NC0006548&sys=ICP
NC0028835,1.10004E+11,VALLEY PROTEINS PROCESSING PLANT,LEWISTON WOODVILLE,BERTIE,NC,30101070302,Flag Run Gut-Roanoke River,2015,36.140066,-77.224466,Nitrogen,153122,7727379,2.166525,Non-Major,,526338.5186,0,https://echo.epa.gov/detailed-facility-report?fid=NC0028835&sys=ICP
NC0072575,1.10001E+11,SANFORD PROCESSING PLANT,SANFORD,LEE,NC,30300030607,Georges Creek-Deep River,2015,35.558038,-79.22948,Inorganic Nitrogen,,7727379,0.6796,Non-Major,,161561.2014,0,https://echo.epa.gov/detailed-facility-report?fid=NC0072575&sys=ICP
NC0078344,1.10007E+11,SMITHFIELD PACKING COMPANY INCORPORATED - TAR HEEL,TAR HEEL,BLADEN,NC,30402030703,Goodman Swamp,2011,34.7465,-78.8061,Inorganic Nitrogen,,7727379,2.668241667,Major,,984221.0314,0,https://echo.epa.gov/detailed-facility-report?fid=NC0078344&sys=ICP
NC0081493,1.1001E+11,VIOLET SANFORD HOLDINGS,SANFORD,LEE,NC,30300030606,Big Buffalo Creek,2013,35.5247,-79.2328,Oil and grease,,,,Non-Major,,0,0,https://echo.epa.gov/detailed-facility-report?fid=NC0081493&sys=ICP
NC0089516,1.10007E+11,PERDUE FARMS INCORPORATED - COFIELD,COFIELD,HERTFORD,NC,30102030206,Sarem Creek-Chowan River,2048,36.36325,-76.89573,"Solids, total dissolved",,,0.347,Non-Major,,529039.4271,0,https://echo.epa.gov/detailed-facility-report?fid=NC0089516&sys=ICP
NE0000655,1.10007E+11,DARLING INGREDIENTS INC,WAHOO,SAUNDERS,NE,1.02002E+11,Outlet Silver Creek,2077,41.22394,-96.5412,Chloride,205955,16887006,0.041666667,Non-Major,,45281.1303,1.102497086,https://echo.epa.gov/detailed-facility-report?fid=NE0000655&sys=ICP
NE0000752,1.10058E+11,HENNINGSEN FOODS INC.,NORFOLK,MADISON,NE,1.022E+11,Hadar Creek-North Fork Elkhorn River,2015,42.03646,-97.41023,"BOD, 5-day, 20 deg. C",,,0.098993458,Non-Major,,68829.16331,0,https://echo.epa.gov/detailed-facility-report?fid=NE0000752&sys=ICP
NE0000795,1.10001E+11,CARGILL MEAT SOLUTIONS,SCHUYLER,COLFAX,NE,1.02002E+11,Lost Creek-Platte River,2011,41.45239,-97.0956,Chloride,205955,16887006,1.02025,Major,,1245609.88,30.32789274,https://echo.epa.gov/detailed-facility-report?fid=NE0000795&sys=ICP
NE0001368,1.10001E+11,WHOLESTONE FARMS COOPERATIVE INC,FREMONT,DODGE,NE,1.022E+11,Old Channel Rawhide Creek-Elkhorn River,2011,41.423056,-96.485278,"BOD, 5-day, 20 deg. C",,,2.1712525,Non-Major,,7449677,0,https://echo.epa.gov/detailed-facility-report?fid=NE0001368&sys=ICP
NE0001392,1.1006E+11,TYSON FRESH MEATS WASTE TRTMNT,DAKOTA CITY,DAKOTA,NE,1.023E+11,Bacon Creek-Missouri River,2011,42.428889,-96.416944,Chloride,205955,16887006,2.557333333,Major,,8957414.141,218.0935617,https://echo.epa.gov/detailed-facility-report?fid=NE0001392&sys=ICP
NE0032191,1.10064E+11,SMITHFIELD FARMLAND CORP-CRETE,CRETE,SALINE,NE,1.02702E+11,Squaw Creek,2011,40.580877,-96.9656,Chloride,205955,16887006,0.829583333,Major,,3422798.789,83.33770963,https://echo.epa.gov/detailed-facility-report?fid=NE0032191&sys=ICP
NE0111929,1.10001E+11,TECUMSEH POULTRY LLC (DBA MBA POULTRY),TECUMSEH,JOHNSON,NE,1.024E+11,Badger Branch-North Fork Big Nemaha River,2015,40.36469,-96.19575,"BOD, 5-day, 20 deg. C",,,0.411833333,Non-Major,,1275592.95,0,https://echo.epa.gov/detailed-facility-report?fid=NE0111929&sys=ICP
NE0113735,1.1E+11,MG WALDBAUM CO,WAKEFIELD,DIXON,NE,1.022E+11,City of Wakefield-Logan Creek Dredge,2015,42.27139,-96.8646,Nitrogen,153122,7727379,0.184208333,Major,,217902.1592,0,https://echo.epa.gov/detailed-facility-report?fid=NE0113735&sys=ICP
NE0113891,1.1E+11,JBS SWIFT BEEF PROCESSING FACILITY,GRAND ISLAND,HALL,NE,1.02001E+11,Eagles Lake-Wood River,2011,40.92204,-98.3204,Chloride,205955,16887006,1.434916667,Non-Major,,5519854.67,134.3964615,https://echo.epa.gov/detailed-facility-report?fid=NE0113891&sys=ICP
NE0114081,1.10007E+11,"WESTIN PACKAGED MEATS, INC.",FAIRBURY,JEFFERSON,NE,1.02702E+11,Whiskey Run-Little Blue River,2013,40.13303,-97.178431,"BOD, 5-day, 20 deg. C",,,0.037583333,Non-Major,,105637.14,0,https://echo.epa.gov/detailed-facility-report?fid=NE0114081&sys=ICP
NE0114413,1.1007E+11,DARLING INTERNATIONAL INC,LEXINGTON,DAWSON COUNTY,NE,1.02001E+11,Lower Spring Creek,2077,40.772,-99.72585,"BOD, 5-day, 20 deg. C",,,0.100583333,Non-Major,,1915760,0,https://echo.epa.gov/detailed-facility-report?fid=NE0114413&sys=ICP
NE0121428,1.1E+11,FARMLAND FOODS INC (COOK'S HAM),LINCOLN,LANCASTER,NE,1.02002E+11,Beal Slough-Salt Creek,2013,40.81247,-96.71875,Chemical oxygen demand (COD),,,0.240333333,Non-Major,,9640537.83,0,https://echo.epa.gov/detailed-facility-report?fid=NE0121428&sys=ICP
NE0123501,1.10001E+11,TYSON FRESH MEATS INC,LEXINGTON,DAWSON,NE,1.02001E+11,Lower Spring Creek,2011,40.761111,-99.736944,Chloride,205955,16887006,1.1875,Major,,4177276.715,101.707607,https://echo.epa.gov/detailed-facility-report?fid=NE0123501&sys=ICP
NE0124061,1.10001E+11,"GIBBON PACKING, LLC.",GIBBON,BUFFALO,NE,1.02001E+11,North Channel Platte River,2011,40.75199,-98.8385,"BOD, 5-day, 20 deg. C",,,0.426166667,Non-Major,,6067871.145,0,https://echo.epa.gov/detailed-facility-report?fid=NE0124061&sys=ICP
NE0132039,1.10007E+11,BLOOM-N-EGG,BLOOMFIELD,KNOX,NE,1.01701E+11,Morrillville Cemetery,2015,42.600004,-97.717353,Phosphorus,153049,7723140,,Non-Major,,896.004,0,https://echo.epa.gov/detailed-facility-report?fid=NE0132039&sys=ICP
NE0132063,1.10002E+11,HARTINGTON RENDERING,HARTINGTON,CEDAR,NE,1.01701E+11,Upper Bow Creek,2077,42.612724,-97.2515,Ammonia as N,152389,7664417,,Non-Major,,0.907733333,0.001007584,https://echo.epa.gov/detailed-facility-report?fid=NE0132063&sys=ICP
NE0132331,1.10001E+11,BIG RED FARMS,WAKEFIELD,DIXON,NE,1.022E+11,City of Wakefield-Logan Creek Dredge,2015,42.29319,-96.8354,Ammonia as N,152389,7664417,,Non-Major,,2625.066667,2.913824,https://echo.epa.gov/detailed-facility-report?fid=NE0132331&sys=ICP
NE0132403,1.10001E+11,HUSKER PRIDE FARMS,WAKEFIELD,DIXON,NE,1.022E+11,Myrtle Creek-Logan Creek Dredge,2015,42.307882,-96.8696,Ammonia as N,152389,7664417,,Non-Major,,393.6,0.436896,https://echo.epa.gov/detailed-facility-report?fid=NE0132403&sys=ICP
NE0132748,1.10001E+11,HUBBARD FEEDS INC,COLUMBUS,PLATTE,NE,1.02002E+11,Headwaters Lost Creek,2048,41.43671,-97.2706,"Solids, total dissolved",,,0.000955,Non-Major,,85.05966458,0,https://echo.epa.gov/detailed-facility-report?fid=NE0132748&sys=ICP
NE0132919,1.10024E+11,"NOAH'S ARK PROCESSING, LLC.",HASTINGS,ADAMS,NE,1.02702E+11,Headwaters Pawnee Creek,2011,40.56436,-98.39497,"BOD, 5-day, 20 deg. C",,,0.215916667,Non-Major,,424334.61,0,https://echo.epa.gov/detailed-facility-report?fid=NE0132919&sys=ICP
NE0133108,1.10016E+11,HENNINGSEN FOODS INC,DAVID CITY,BUTLER,NE,1.02702E+11,Middle North Branch Big Blue River,2015,41.252724,-97.1319,"BOD, 5-day, 20 deg. C",,,0.0409875,Non-Major,,244454.294,0,https://echo.epa.gov/detailed-facility-report?fid=NE0133108&sys=ICP
NE0133183,1.10001E+11,CARGILL VALUE ADDED MEATS,COLUMBUS,PLATTE,NE,1.02002E+11,Headwaters Lost Creek,2013,41.438152,-97.3056,Chloride,205955,16887006,0.394833333,Non-Major,,763225.9111,18.58289175,https://echo.epa.gov/detailed-facility-report?fid=NE0133183&sys=ICP
NE0133868,1.10013E+11,TYSON FOODS,OMAHA,DOUGLAS,NE,1.023E+11,Hell Creek-West Papillion Creek,2013,41.20197,-96.1165,Chloride,205955,16887006,0.412541667,Non-Major,,1076976.189,26.22202895,https://echo.epa.gov/detailed-facility-report?fid=NE0133868&sys=ICP
NE0137685,1.10001E+11,CARGILL MEAT SOLUTIONS CORP,NEBRASKA CITY,OTOE,NE,1.024E+11,Walnut Creek-Missouri River,2013,40.666705,-95.8784,Chloride,205955,16887006,0.14,Non-Major,,506140.4776,12.32342032,https://echo.epa.gov/detailed-facility-report?fid=NE0137685&sys=ICP
NE0137731,1.10002E+11,QUALITY PORK INTERNATIONAL,WEST POINT,CUMING,NE,1.022E+11,Mud Creek-Elkhorn River,2013,41.83836,-96.7129,"Solids, total suspended",,,0,Non-Major,,0,0,https://echo.epa.gov/detailed-facility-report?fid=NE0137731&sys=ICP
NE0137863,1.10001E+11,ARMOUR SWIFT ECKRICH DELI FOODSERVICE COMPANY,OMAHA,DOUGLAS,NE,1.023E+11,Mud Creek-Papillion Creek,2013,41.20844,-95.963,"BOD, 5-day, 20 deg. C",,,0.163875,Non-Major,,946723.1738,0,https://echo.epa.gov/detailed-facility-report?fid=NE0137863&sys=ICP
NE0138100,1.10064E+11,"VITALIX, LLC",ALLIANCE,BOX BUTTE,NE,1.015E+11,Clough Lake-Snake Creek,2048,42.064004,-102.81451,Oil and grease,,,0,Non-Major,,0,0,https://echo.epa.gov/detailed-facility-report?fid=NE0138100&sys=ICP
NE0138282,1.1E+11,BEEF PRODUCTS INC (SSC),SOUTH SIOUX CITY,DAKOTA,NE,1.023E+11,Bacon Creek-Missouri River,2013,42.43125,-96.4184,Oil and grease,,,4.8,Non-Major,,27975.9579,0,https://echo.epa.gov/detailed-facility-report?fid=NE0138282&sys=ICP
NE0138681,1.10044E+11,SANDHILL RANCHERS BEEF CO,MULLEN,HOOKER,NE,1.025E+11,Lower North Fork Driftwood Creek,2011,40.00933,-101.04625,Oil and grease,,,4.65753E-06,Non-Major,,0,0,https://echo.epa.gov/detailed-facility-report?fid=NE0138681&sys=ICP
NE0139246,1.1E+11,PURINA ANIMAL NUTRITION LLC,FREMONT,DODGE,NE,1.022E+11,Old Channel Rawhide Creek-Elkhorn River,2048,41.41878,-96.49549,"BOD, 5-day, 20 deg. C",,,0.100375,Non-Major,,94647.2877,0,https://echo.epa.gov/detailed-facility-report?fid=NE0139246&sys=ICP
NE0139408,1.10071E+11,LINCOLN PREMIUM POULTRY,FREMONT,DODGE COUNTY,NE,1.022E+11,Old Channel Rawhide Creek-Elkhorn River,2011,41.41872,-96.49869,"BOD, carbonaceous, 05 day, 20 C",,,0.401733333,Non-Major,,413258.8571,0,https://echo.epa.gov/detailed-facility-report?fid=NE0139408&sys=ICP
NE0139548,1.1E+11,SKYLARK MEATS LLC,OMAHA,DOUGLAS,NE,1.023E+11,Hell Creek-West Papillion Creek,2013,41.215,-96.084444,"BOD, 5-day, 20 deg. C",,,0.024267318,Non-Major,,167043.953,0,https://echo.epa.gov/detailed-facility-report?fid=NE0139548&sys=ICP
NY0005622,1.1001E+11,MACK BROTHERS,GOSHEN,ORANGE,NY,20200070401,Masonic Creek-Wallkill River,2011,41.402083,-74.365639,"BOD, 5-day, 20 deg. C",,,0.030191667,Non-Major,,2328.5,0,https://echo.epa.gov/detailed-facility-report?fid=NY0005622&sys=ICP
NY0025925,1.10028E+11,WATCHTOWER BIBLE & TRACT SOCIETY,WALLKILL,ULSTER,NY,20200070304,Lower Shawangunk Kill,2011,41.63639,-74.26129,"Solids, total suspended",,,0.059125,Non-Major,,1315.763703,0,https://echo.epa.gov/detailed-facility-report?fid=NY0025925&sys=ICP
NY0074101,1.1002E+11,FORD BROS WHOLESALE MEATS,WEST VALLEY,CATTARAUGUS,NY,41201020201,Connoisarauley Creek,2011,42.39871,-78.67845,Ammonia as N,152389,7664417,0,Non-Major,,0,0,https://echo.epa.gov/detailed-facility-report?fid=NY0074101&sys=ICP
OH0002593,1.10002E+11,G. A. WINTZER & SON COMPANY,WAPAKONETA,AUGLAIZE,OH,41000070104,Pusheta Creek,2077,40.529392,-84.190745,"Residue, tot fltrble (dried at 105 C)",,,0.074725,Non-Major,,1918618.993,0,https://echo.epa.gov/detailed-facility-report?fid=OH0002593&sys=ICP
OH0004855,1.10064E+11,TROYERS TRAIL BOLOGNA INC,DUNDEE,TUSCARAWAS,OH,50400011003,Indian Trail Creek,2011,40.585021,-81.706735,Inorganic Nitrogen,,7727379,0.001255583,Non-Major,,18.98375338,0,https://echo.epa.gov/detailed-facility-report?fid=OH0004855&sys=ICP
OH0005487,1.10011E+11,CASE FARMS,WINESBURG,HOLMES,OH,50400011003,Indian Trail Creek,2015,40.61563,-81.69268,"Solids, total dissolved",,,0.05747149,Major,,909303.927,0,https://echo.epa.gov/detailed-facility-report?fid=OH0005487&sys=ICP
OH0005967,1.1001E+11,CARL RITTBERGER SR INC,ZANESVILLE,MUSKINGUM,OH,50400040802,Flat Run-Muskingum River,2013,39.92449,-81.97775,"Solids, total suspended",,,0,Non-Major,,0,0,https://echo.epa.gov/detailed-facility-report?fid=OH0005967&sys=ICP
OH0047546,1.10064E+11,FINK MEAT CO,SPRINGFIELD,CLARK COUNTY,OH,50800011802,Pondy Creek-Mad River,2011,39.96358,-83.86501,"Solids, total suspended",,,0,Non-Major,,0,0,https://echo.epa.gov/detailed-facility-report?fid=OH0047546&sys=ICP
OH0052027,1.10006E+11,PRESSLER MEATS,AKRON,SUMMIT,OH,50400010101,Headwaters Tuscarawas River,2048,40.99458,-81.44538,Oil and grease,,,0.004383333,Non-Major,,5.673465,0,https://echo.epa.gov/detailed-facility-report?fid=OH0052027&sys=ICP
OH0052132,1.10001E+11,GERBERS POULTRY INC,APPLE CREEK,WAYNE COUNTY,OH,50400010903,North Fork Sugar Creek,2015,40.72749,-81.74497,"Solids, total dissolved",,,0.348166667,Non-Major,,1073440.305,0,https://echo.epa.gov/detailed-facility-report?fid=OH0052132&sys=ICP
OH0095478,1.10038E+11,"KALMBACH FEEDS, INC. (0388010049)",UPPER SANDUSKY,WYANDOT,OH,41000110603,Hart Ditch-Little Tymochtee Creek,2048,40.889987,-83.329941,"Solids, total suspended",,,0,Non-Major,,0,0,https://echo.epa.gov/detailed-facility-report?fid=OH0095478&sys=ICP
OH0112640,1.1E+11,"PROVIMI NORTH AMERICA, INC.-PROVIMI NORTH AMERICA, INC.",LEWISBURG,PREBLE,OH,50800020205,Lesley Run-Twin Creek,2048,39.8328,-84.5397,Total Kjeldahl Nitrogen,153122,7727379,0.001823667,Non-Major,,69.92524764,0,https://echo.epa.gov/detailed-facility-report?fid=OH0112640&sys=ICP
OH0132772,1.10006E+11,COOPER FARMS COOKED MEATS VAN WERT,VAN WERT,VAN WERT COUNTY,OH,41000070804,Lower Town Creek,2015,40.905667,-84.570419,"Solids, total suspended",,,0.2311,Non-Major,,40189.70502,0,https://echo.epa.gov/detailed-facility-report?fid=OH0132772&sys=ICP
OH0137961,1.10006E+11,RUDOLPH FOODS,LIMA,ALLEN,OH,41000070101,Headwaters Auglaize River,2013,40.69537,-83.9818,"Solids, total suspended",,,0.004483333,Non-Major,,9364.065852,0,https://echo.epa.gov/detailed-facility-report?fid=OH0137961&sys=ICP
OH0138835,1.1E+11,COOPER FARMS NORTH MILL,FORT RECOVERY,MERCER,OH,51201010103,Toti Creek-Wabash River,2048,40.44533,-84.78453,"Solids, total suspended",,,0.236666667,Non-Major,,8094.712658,0,https://echo.epa.gov/detailed-facility-report?fid=OH0138835&sys=ICP
OH0138975,1.10038E+11,PSD PARTNERS LLC - MPK COMPLEX,CAREY,WYANDOT,OH,41000110603,Hart Ditch-Little Tymochtee Creek,2048,40.904457,-83.337811,Chemical oxygen demand (COD),,,0.067216667,Non-Major,Y,314708.841,0,https://echo.epa.gov/detailed-facility-report?fid=OH0138975&sys=ICP
OH0139335,1.10028E+11,MEDINA MEATS,LITCHFIELD,MEDINA,OH,41100010402,Salt Creek-East Branch Black River,2013,41.18498,-82.03911,"Solids, total dissolved",,,0.003188,Non-Major,,7335.335069,0,https://echo.epa.gov/detailed-facility-report?fid=OH0139335&sys=ICP
OH0140287,1.10044E+11,ADM ANIMAL NUTRITION - SUGARCREEK,SUGARCREEK,TUSCARAWAS COUNTY,OH,50400011002,East Branch South Fork Sugar Creek,2048,40.48873,-81.63541,"Solids, total dissolved",,,0.000405167,Non-Major,,2579.667246,0,https://echo.epa.gov/detailed-facility-report?fid=OH0140287&sys=ICP
OH0141135,1.1001E+11,WHITEWATER PROCESSING INC-WHITEWATER PROCESSING INC.,HARRISON,HAMILTON,OH,50800030810,Jameson Creek-Whitewater River,2015,39.24509,-84.80391,"Solids, total dissolved",,,0.099908333,Non-Major,,308857.1173,0,https://echo.epa.gov/detailed-facility-report?fid=OH0141135&sys=ICP
OH0141429,1.1006E+11,"THE BUTCHER BLOCK AND SMOKE HOUSE, INC.",VERSAILLES,DARKE,OH,50800010906,Town of Beamsville-Stillwater River,2011,40.187389,-84.57169,Total Residual Chlorine,154328,7782505,0,Non-Major,,0,0,https://echo.epa.gov/detailed-facility-report?fid=OH0141429&sys=ICP
OH0146595,1.1007E+11,KALMBACH MOLASSES,UPPER SANDUSKY,,OH,41000110603,Hart Ditch-Little Tymochtee Creek,2048,40.88691,-83.32633,"Solids, total dissolved",,,0.0087675,Non-Major,Y,126880.8552,0,https://echo.epa.gov/detailed-facility-report?fid=OH0146595&sys=ICP
OK0000795,1.10001E+11,TYSON FOODS INC,BROKEN BOW,MCCURTAIN,OK,1.11401E+11,Lukfata Creek-Little River,2015,33.959444,-94.756386,Nitrogen,153122,7727379,1.584775,Major,,291864.46,0,https://echo.epa.gov/detailed-facility-report?fid=OK0000795&sys=ICP
OK0038849,1.10065E+11,HEAVENER UA-INDUSTRIAL WTP,HEAVENER,LE FLORE,OK,1.11101E+11,Thompson Creek-Poteau River,2015,34.915666,-94.598839,Oil and grease,,,1.391833333,Major,,27310.8,0,https://echo.epa.gov/detailed-facility-report?fid=OK0038849&sys=ICP
OR0000612,1.1E+11,BIO-OREGON,WARRENTON,CLATSOP,OR,1.708E+11,Skipanon River-Frontal Columbia River,2048,46.194715,-123.935346,"BOD, 5-day, 20 deg. C",,,0.132366333,Non-Major,,5176556.684,0,https://echo.epa.gov/detailed-facility-report?fid=OR0000612&sys=ICP
OR0026450,1.10002E+11,FOSTER FARMS CRESWELL PLANT,CRESWELL,LANE,OR,1.709E+11,Lower Camas Swale Creek,2015,43.929122,-123.025165,Total Residual Chlorine,154328,7782505,0,Non-Major,,0,0,https://echo.epa.gov/detailed-facility-report?fid=OR0026450&sys=ICP
OR0038687,1.10017E+11,TRIDENT SEAFOODS NEWPORT SURIMI PLANT,NEWPORT,LINCOLN,OR,1.71002E+11,Poole Slough-Yaquina River,2077,44.628876,-124.054443,"BOD, 5-day, 20 deg. C",,,0.12037925,Non-Major,,787554,0,https://echo.epa.gov/detailed-facility-report?fid=OR0038687&sys=ICP
PA0007552,1.1006E+11,POULTRY HOLDINGS LLC/MIFFLINTOWN,MIFFLINTOWN,JUNIATA,PA,20503040803,Horning Creek-Juniata River,2015,40.56,-77.403889,"Solids, total dissolved",,,0.781833333,Non-Major,,9430067,0,https://echo.epa.gov/detailed-facility-report?fid=PA0007552&sys=ICP
PA0009911,1.10013E+11,PAPETTI'S HYGRADE EGG PRODUCTS INC,KLINGERSTOWN,SCHUYLKILL,PA,20503010702,Rausch Creek-Pine Creek,2015,40.6598,-76.69674,Inorganic Nitrogen,,7727379,0.1321,Non-Major,,1973826,0,https://echo.epa.gov/detailed-facility-report?fid=PA0009911&sys=ICP
PA0024228,1.10055E+11,FREDERICKSBURG BC NATURAL CHICKEN,FREDERICKSBURG,LEBANON,PA,20503050703,Lower Little Swatara Creek,2015,40.439589,-76.431155,Inorganic Nitrogen,,7727379,0,Non-Major,,0,0,https://echo.epa.gov/detailed-facility-report?fid=PA0024228&sys=ICP
PA0035157,1.10013E+11,"FARMER'S PRIDE, INC.",FREDERICKSBURG,LEBANON,PA,20503050703,Lower Little Swatara Creek,2015,40.445014,-76.43442,Inorganic Nitrogen,,7727379,0.606798333,Non-Major,,226627,0,https://echo.epa.gov/detailed-facility-report?fid=PA0035157&sys=ICP
PA0035769,1.1E+11,JBS SOUDERTON INC/FRANCONIA TWP,SOUDERTON,MONTGOMERY,PA,20402030808,Skippack Creek,2011,40.283058,-75.341965,"Solids, total dissolved",,,1.264683333,Major,,6474658.3,0,https://echo.epa.gov/detailed-facility-report?fid=PA0035769&sys=ICP
PA0054950,1.10011E+11,PILGRIMS PRIDE CORP-PRESTORAGE TANK,FRANCONIA,MONTGOMERY,PA,20402030807,East Branch Perkiomen Creek,2013,40.30784,-75.35758,Nitrogen,153122,7727379,0,Non-Major,,1550,0,https://echo.epa.gov/detailed-facility-report?fid=PA0054950&sys=ICP
PA0056472,1.10021E+11,DEVAULT FOODS,DEVAULT,CHESTER,PA,20402031004,Little Valley Creek-Valley Creek,2011,40.076389,-75.530833,"Solids, total suspended",,,,Non-Major,,0,0,https://echo.epa.gov/detailed-facility-report?fid=PA0056472&sys=ICP
PA0063045,1.10011E+11,POLARIZED MEAT CO INC,DALTON,LACKAWANNA,PA,20501061101,Upper South Branch Tunkhannock Creek,2013,41.578608,-75.64795,Nitrogen,153122,7727379,0.005542253,Non-Major,,96.00118152,0,https://echo.epa.gov/detailed-facility-report?fid=PA0063045&sys=ICP
PA0080829,1.10001E+11,KEYSTONE PROTEIN CO,FREDERICKSBURG,LEBANON,PA,20503050703,Lower Little Swatara Creek,2077,40.441624,-76.418869,"Solids, total suspended",,,0.0672,Non-Major,,18193.9,0,https://echo.epa.gov/detailed-facility-report?fid=PA0080829&sys=ICP
PA0088722,1.10001E+11,MARTIN COUNTRY MEATS,STEVENS,LANCASTER,PA,20503060904,Cocalico Creek-Conestoga River,2013,40.246507,-76.213684,"Nitrogen, nitrate dissolved",197186,14797558,0.030658333,Non-Major,,430272.2,321.2699093,https://echo.epa.gov/detailed-facility-report?fid=PA0088722&sys=ICP
PA0090328,1.10001E+11,GREEN VALLEY PACKING CO-TREATMENT SYSTEM,CLAYSVILLE,WASHINGTON,PA,50301060102,Headwaters Buffalo Creek,2011,40.146749,-80.356284,"Solids, total suspended",,,0.005166667,Non-Major,Y,52.8192,0,https://echo.epa.gov/detailed-facility-report?fid=PA0090328&sys=ICP
PA0111759,1.1006E+11,CARGILL,WYALUSING,BRADFORD,PA,20501060705,Cold Creek-Wyalusing Creek,2011,41.683609,-76.246303,"Solids, total dissolved",,,0.543108333,Major,,5834747.2,0,https://echo.epa.gov/detailed-facility-report?fid=PA0111759&sys=ICP
PA0112445,1.10011E+11,P & N PACKING INC,WYALUSING,BRADFORD,PA,20501060503,Rummerfield Creek-Susquehanna River,2011,41.67992,-76.28483,Nitrogen,153122,7727379,0.012666667,Non-Major,,13010.45,0,https://echo.epa.gov/detailed-facility-report?fid=PA0112445&sys=ICP
PA0232521,1.10059E+11,NICHOLAS MEAT,LOGANTON,CLINTON,PA,20502040301,Bull Run-Fishing Creek,2011,41.03687,-77.28675,Oil and grease,,,,Non-Major,,0,0,https://echo.epa.gov/detailed-facility-report?fid=PA0232521&sys=ICP
PA0232785,1.10001E+11,WINFIELD FEED MILL,WINFIELD,UNION,PA,20502061207,West Branch Susquehanna River-Susquehanna River,2048,40.908145,-76.853914,"BOD, 5-day, 20 deg. C",,,,Non-Major,,0,0,https://echo.epa.gov/detailed-facility-report?fid=PA0232785&sys=ICP
PA0266345,1.10068E+11,KEYSTONE PROTEIN STP,FREDERICKSBURG,LEBANON,PA,20503050703,Lower Little Swatara Creek,2015,40.44273,-76.41247,"BOD, 5-day, 20 deg. C",,,0,Major,,0,0,https://echo.epa.gov/detailed-facility-report?fid=PA0266345&sys=ICP
PAS120001,1.10001E+11,DARLING INGREDIENTS HONEY BROOK PLT,HONEY BROOK,CHESTER,PA,20402050202,Upper West Branch Brandywine Creek,2048,40.1042,-75.9232,Inorganic Nitrogen,,7727379,,Non-Major,,0,0,https://echo.epa.gov/detailed-facility-report?fid=PAS120001&sys=ICP
PR0024619,1.1001E+11,NUTRIMIX FEED CO. INC,HATILLO,GUAYNABO,PR,2.101E+11,Cienaga de las Cucharillas Drainage Watershed,2048,18.433301,-66.110462,Chemical oxygen demand (COD),,,,Non-Major,,0,0,https://echo.epa.gov/detailed-facility-report?fid=PR0024619&sys=ICP
SC0000795,1.10001E+11,PILGRIM'S PRIDE PROCESSING PLANT,SUMTER,SUMTER,SC,30402050401,Upper Pocotaligo River,2015,33.858056,-80.366667,"BOD, 5-day, 20 deg. C",,,0.111583333,Major,,243,0,https://echo.epa.gov/detailed-facility-report?fid=SC0000795&sys=ICP
SC0033367,1.1E+11,DEVRO INC,SWANSEA,LEXINGTON,SC,30501100310,Lower Congaree River,2013,33.809722,-80.915278,"Solids, total suspended",,,0.096637,Non-Major,,2635.24,0,https://echo.epa.gov/detailed-facility-report?fid=SC0033367&sys=ICP
SD0000078,1.1E+11,"SMITHFIELD PACKAGED MEATS CORP. - SIOUX FALLS, SD",SIOUX FALLS,MINNEHAHA,SD,1.01702E+11,Falls of the Big Sioux River,2011,43.5634,-96.7188,"Nitrogen, nitrate dissolved",197186,14797558,2.6445,Major,,691076.0488,516.0034498,https://echo.epa.gov/detailed-facility-report?fid=SD0000078&sys=ICP
TN0000931,1.10002E+11,"DARLING INGREDIENTS, INC.",UNION CITY,OBION,TN,80102020208,North Fork Obion River Outlet,2077,36.39893,-88.99401,Chemical oxygen demand (COD),,,0.013179354,Non-Major,,19597.3459,0,https://echo.epa.gov/detailed-facility-report?fid=TN0000931&sys=ICP
TN0002135,1.1E+11,TYSON FOODS INC - PROCESSING,SHELBYVILLE,BEDFORD,TN,60400020303,Duck River-Holland Creek,2015,35.476,-86.474389,Nitrogen,153122,7727379,1.253666667,Major,,53126.93035,0,https://echo.epa.gov/detailed-facility-report?fid=TN0002135&sys=ICP
TN0005371,1.10007E+11,VALLEY PROTEINS KNOXVILLE DIVISION,STRAWBERRY PLAINS,JEFFERSON,TN,60101040307,Holston River-Clift Creek,2077,36.04759,-83.72306,Nitrogen,153122,7727379,0.155698,Non-Major,,2369.773372,0,https://echo.epa.gov/detailed-facility-report?fid=TN0005371&sys=ICP
TN0067989,1.10013E+11,KOCH FOODS OF MORRISTOWN (PROCESSING PLANT),MORRISTOWN,HAMBLEN,TN,60101040207,Turkey Creek,2015,36.20632,-83.30688,Oil and grease,,,0,Non-Major,,0,0,https://echo.epa.gov/detailed-facility-report?fid=TN0067989&sys=ICP
TN0073563,1.1E+11,TYSON FOODS INC UNION CITY PROCESSING,UNION CITY,OBION,TN,80102020208,North Fork Obion River Outlet,2015,36.419221,-89.005841,Nitrogen,153122,7727379,1.207083333,Non-Major,,146064.2569,0,https://echo.epa.gov/detailed-facility-report?fid=TN0073563&sys=ICP
TX0062936,1.10065E+11,SOUTHWEST WASTEWATER PLANT,MOUNT PLEASANT,TITUS,TX,1.11403E+11,Tankersley Creek,2015,33.139039,-94.99579,"Solids, total dissolved",,,2.672925,Major,,8481674.69,0,https://echo.epa.gov/detailed-facility-report?fid=TX0062936&sys=ICP
TX0072982,1.1E+11,TYSON FARMS,CENTER,SHELBY,TX,1.201E+11,Huana Creek,2015,31.792676,-94.167863,Nitrogen,153122,7727379,0.728,Major,,105368.7,0,https://echo.epa.gov/detailed-facility-report?fid=TX0072982&sys=ICP
TX0093343,1.1001E+11,POSTIVE FEED LTD,SEALY,AUSTIN,TX,1.20701E+11,Bullinger Creek-Brazos River,2048,29.805222,-96.159389,Chemical oxygen demand (COD),,,0,Non-Major,,0,0,https://echo.epa.gov/detailed-facility-report?fid=TX0093343&sys=ICP
TX0113603,1.1E+11,"SANDERSON FARMS, INC.",BRYAN,BRAZOS,TX,1.20701E+11,Thompsons Creek,2015,30.649634,-96.415478,"Solids, total dissolved",,,0.9605,Non-Major,,4186176.144,0,https://echo.epa.gov/detailed-facility-report?fid=TX0113603&sys=ICP
TX0128511,1.10031E+11,SANDERSON FARMS INC,WACO,MCLENNAN,TX,1.20602E+11,Little Tehuacana Creek-Tehuacana Creek,2015,31.626974,-97.059007,"Nitrogen, nitrate dissolved",197186,14797558,0.889916667,Non-Major,,188930.1094,141.067815,https://echo.epa.gov/detailed-facility-report?fid=TX0128511&sys=ICP
TX0134325,1.10055E+11,PALESTINE POULTY PROCESSING FACILITY,PALESTINE,ANDERSON,TX,1.20401E+11,Marshall Lake-Cypress Creek,2015,29.99895,-95.50642,"Solids, total dissolved",,,1.157833333,Non-Major,,3216121.578,0,https://echo.epa.gov/detailed-facility-report?fid=TX0134325&sys=ICP
TX0135615,1.10064E+11,FRANKLIN FEED MILL,FRANKLIN,ROBERTSON,TX,1.20701E+11,Mineral Creek,2048,31.093076,-96.400991,"Solids, total suspended",,,0.003933333,Non-Major,,298.8859353,0,https://echo.epa.gov/detailed-facility-report?fid=TX0135615&sys=ICP
TX0136417,1.10065E+11,4L PROCESSING,COMO,ROCKWALL,TX,1.201E+11,Glade Branch-Dry Creek,2011,32.91855,-95.43406,"Solids, total suspended",,,0.009141667,Non-Major,,2156.49,0,https://echo.epa.gov/detailed-facility-report?fid=TX0136417&sys=ICP
TX0137740,1.1007E+11,SANDERSON FARMS TYLER PROCESSING CENTER,TYLER,SMITH,TX,1.201E+11,Lower Harris Creek,2015,32.464147,-95.238703,"Solids, total suspended",,,1.036636364,Non-Major,,27694.34666,0,https://echo.epa.gov/detailed-facility-report?fid=TX0137740&sys=ICP
UT0000281,1.1E+11,SWIFT BEEF CO,HYRUM,CACHE,UT,1.60102E+11,Spring Creek,2011,41.64415,-111.86086,"Solids, total dissolved",,,0.565416667,Major,,8862884.948,0,https://echo.epa.gov/detailed-facility-report?fid=UT0000281&sys=ICP
VA0001449,1.10011E+11,GUNNOE SAUSAGE COMPANY,GOODE,CHESTERFIELD,VA,30101011404,Roaring Run-Big Otter River,2013,37.40734,-79.40356,"BOD, 5-day, 20 deg. C",,,0.015258333,Non-Major,,81.6632775,0,https://echo.epa.gov/detailed-facility-report?fid=VA0001449&sys=ICP
VA0001961,1.1E+11,ALMA PLANT,STANLEY,PAGE,VA,20700050903,Stony Run-South Fork Shenandoah River,2015,38.587847,-78.59135,Ammonia as N,152389,7664417,0,Non-Major,,0,0,https://echo.epa.gov/detailed-facility-report?fid=VA0001961&sys=ICP
VA0002313,1.10007E+11,VIRGINIA POULTRY GROWERS COOPERATIVE INC HINTON FACILITY,HINTON,ROCKINGHAM,VA,20700050503,Muddy Creek,2015,38.4684,-78.976586,Nitrogen,153122,7727379,0.561083333,Non-Major,,23959.46385,0,https://echo.epa.gov/detailed-facility-report?fid=VA0002313&sys=ICP
VA0003808,1.10021E+11,PERDUE FARMS ACCOMAC PROCESSING PLANT,ACCOMAC,ACCOMACK,VA,20403040103,Metompkin Inlet,2015,37.736111,-75.656111,Nitrogen,153122,7727379,1.966666667,Major,,53132,0,https://echo.epa.gov/detailed-facility-report?fid=VA0003808&sys=ICP
VA0003867,1.1E+11,OMEGA PROTEIN - REEDVILLE,REEDVILLE,NORTHUMBERLAND,VA,20801020103,Cockrell Creek-Lower Chesapeake Bay,2077,37.829281,-76.277158,"BOD, 5-day, 20 deg. C",,,0.030458333,Non-Major,,66789.5823,0,https://echo.epa.gov/detailed-facility-report?fid=VA0003867&sys=ICP
VA0004031,1.1E+11,"TYSON FARMS, INC., GLEN ALLEN, VA.",GLEN ALLEN,HANOVER,VA,20802060401,Grassy Swamp Creek-Chickahominy River,2015,37.697222,-77.5525,"Solids, total suspended",,,0.792361111,Non-Major,,809790.0678,0,https://echo.epa.gov/detailed-facility-report?fid=VA0004031&sys=ICP
VA0054453,1.10011E+11,NEW MARKET POULTRY LLC,NEW MARKET,SHENANDOAH,VA,20700060204,Gap Creek-Smith Creek,2015,38.647152,-78.67038,"Solids, total suspended",,,0.174416667,Non-Major,,1974.9303,0,https://echo.epa.gov/detailed-facility-report?fid=VA0054453&sys=ICP
VA0077402,1.10001E+11,"GEORGE'S CHICKEN, LLC",EDINBURG,SHENANDOAH,VA,20700060403,Painter Run-Stony Creek,2015,38.87771,-78.61057,Nitrogen,153122,7727379,1.338333333,Non-Major,,25982.2658,0,https://echo.epa.gov/detailed-facility-report?fid=VA0077402&sys=ICP
VA0090131,1.1E+11,TYSON FOODS INC - FEED MILL,JETERSVILLE,AMELIA,VA,20802070502,Beaverpond Creek-Flat Creek,2048,37.319904,-78.115544,"Solids, total suspended",,,0.0005625,Non-Major,Y,3737.325479,0,https://echo.epa.gov/detailed-facility-report?fid=VA0090131&sys=ICP
WA0050202,1.10001E+11,WASHINGTON BEEF TOPPENISH PLANT,TOPPENISH,YAKIMA,WA,1.703E+11,Wanity Slough-Marion Drain,2011,46.372624,-120.332104,Nitrogen,153122,7727379,0.344833333,Non-Major,,147768.6,0,https://echo.epa.gov/detailed-facility-report?fid=WA0050202&sys=ICP
WI0001759,1.10001E+11,JOHNSONVILLE SAUSAGE LLC,SHEBOYGAN FALLS,SHEBOYGAN,WI,40301011107,Otter Creek-Sheboygan River,2013,43.7934,-87.9074,"Solids, total suspended",,,0.246163687,Non-Major,,12397.6011,0,https://echo.epa.gov/detailed-facility-report?fid=WI0001759&sys=ICP
WI0023094,1.10017E+11,"HILLSHIRE BRANDS, NEW LONDON PLANT",NEW LONDON,OUTAGAMIE,WI,40302021404,Black Otter Lake-Wolf River,2011,44.371944,-88.735833,Chloride,205955,16887006,0.604366667,Non-Major,,1904724.232,46.37589435,https://echo.epa.gov/detailed-facility-report?fid=WI0023094&sys=ICP
WI0025941,1.10002E+11,HORMEL FOODS CORPORATION BELOIT PLANT,BELOIT,ROCK,WI,70900021408,Spring Brook-Turtle Creek,2013,42.521667,-88.976667,"Solids, total suspended",,,0.0544125,Non-Major,,3455.38855,0,https://echo.epa.gov/detailed-facility-report?fid=WI0025941&sys=ICP
WI0050784,1.10011E+11,KENOSHA BEEF INTERNATIONAL & BIRCHWOOD FOODS,KENOSHA,KENOSHA,WI,71200040103,Headwaters Des Plaines River,2011,42.61204,-87.99233,Nitrogen,153122,7727379,0.0613,Non-Major,,2513.664989,0,https://echo.epa.gov/detailed-facility-report?fid=WI0050784&sys=ICP
WI0052931,1.10011E+11,V P P GROUP,NORWALK,MONROE,WI,70700060102,Moore Creek,2011,43.822667,-90.606444,Ammonia as N,152389,7664417,0.058025,Non-Major,,1886.82296,2.094373485,https://echo.epa.gov/detailed-facility-report?fid=WI0052931&sys=ICP
WI0057436,1.10058E+11,ABBYLAND FOODS INC,ABBOTSFORD,CLARK,WI,70700021504,Dill Creek,2011,44.94196,-90.31154,Chloride,205955,16887006,0.210557143,Non-Major,,120832.9714,2.942020174,https://echo.epa.gov/detailed-facility-report?fid=WI0057436&sys=ICP
WI0070408,1.10001E+11,JENNIE O TURKEY STORE INC BARRON PLANT,BARRON,BARRON,WI,70500070204,Quaderer Creek,2015,45.401667,-91.848333,Nitrogen,153122,7727379,0.533635714,Non-Major,,132103.8127,0,https://echo.epa.gov/detailed-facility-report?fid=WI0070408&sys=ICP
WI0070581,1.1E+11,FERMENTED NUTRITION CORP,LUXEMBURG,KEWAUNEE,WI,40301020302,School Creek,2048,44.541944,-87.710556,Chloride,205955,16887006,0,Non-Major,,0,0,https://echo.epa.gov/detailed-facility-report?fid=WI0070581&sys=ICP
